id,name,country,birthday,weight,height,hand,backhand,turnedPro
ilie-nastase/n008,Ilie Nastase,ROU,1946-07-19,75,183,right,unknown,1969
john-newcombe/n044,John Newcombe,AUS,1944-05-23,82,183,right,unknown,1967
jimmy-connors/c044,Jimmy Connors,USA,1952-09-02,70,178,left,two-handed,1972id,name,country,birthday,weight,height,hand,backhand,turnedPro
tom-okker/o032,Tom Okker,NED,1944-02-22,NaN,178,right,one-handed,1968
stan-smith/s060,Stan Smith,USA,1946-12-14,84,193,right,unknown,NaN
ken-rosewall/r075,Ken Rosewall,AUS,1934-11-02,61,170,right,unknown,NaN
manuel-orantes/o017,Manuel Orantes,ESP,1949-02-06,75,178,left,unknown,NaN
rod-laver/l058,Rod Laver,AUS,1938-08-09,68,173,left,unknown,NaN
jan-kodes/k049,Jan Kodes,CZE,1946-03-01,81,175,right,unknown,NaN
arthur-ashe/a063,Arthur Ashe,USA,1943-07-10,73,185,right,one-handed,1969
tom-gorman/g078,Tom Gorman,USA,1946-01-19,75,180,right,unknown,NaN
roy-emerson/e030,Roy Emerson,AUS,1936-11-03,79,183,right,unknown,NaN
marty-riessen/r055,Marty Riessen,USA,1941-12-04,79,185,right,unknown,NaN
adriano-panatta/p059,Adriano Panatta,ITA,1950-07-09,NaN,183,right,unknown,NaNid,name,country,birthday,weight,height,hand,backhand,turnedPro
adriano-panatta/p059,Adriano Panatta,ITA,1950-07-09,NaN,183,right,unknown,NaN
nikola-pilic/p080,Nikola Pilic,CRO,1939-08-27,NaN,NaN,left,unknown,NaN
roger-taylor/t050,Roger Taylor,GBR,1941-10-14,NaN,NaN,left,unknown,NaN
jaime-fillol-sr./f024,Jaime Fillol Sr.,CHI,1946-06-03,73,180,right,unknown,1968
bjorn-borg/b058,Bjorn Borg,SWE,1956-06-06,73,180,right,two-handed,1973
cliff-richey/r071,Cliff Richey,USA,1946-12-31,77,175,right,one-handed,1964
paolo-bertolucci/b129,Paolo Bertolucci,ITA,1951-08-03,82,175,right,unknown,NaN
brian-gottfried/g029,Brian Gottfried,USA,1952-01-27,75,183,right,one-handed,NaN
mark-cox/c090,Mark Cox,GBR,1943-07-05,NaN,NaN,left,unknown,NaN
cliff-drysdale/d082,Cliff Drysdale,RSA,1941-05-26,76,188,right,unknown,NaN
roscoe-tanner/t006,Roscoe Tanner,USA,1951-10-15,77,183,left,unknown,NaN
brian-fairlie/f066,Brian Fairlie,NZL,1948-06-13,NaN,NaN,right,unknown,NaN
raul-ramirez/r065,Raul Ramirez,MEX,1953-06-20,79,183,right,one-handed,NaN
dick-stockton/s090,Dick Stockton,USA,1951-02-18,82,188,right,unknown,NaN
eddie-dibbs/d026,Eddie Dibbs,USA,1951-02-23,73,170,right,unknown,NaN
john-alexander/a014,John Alexander,AUS,1951-07-04,82,191,right,unknown,NaN
vijay-amritraj/a022,Vijay Amritraj,IND,1953-12-14,86,193,right,unknown,0
guillermo-vilas/v028,Guillermo Vilas,ARG,1952-08-17,75,180,left,one-handed,NaN
karl-meiler/m055,Karl Meiler,GER,1949-04-30,75,178,right,unknown,NaN
buster-c.-mottram/m154,Buster C. Mottram,GBR,1955-04-25,NaN,NaN,right,unknown,NaN
alex-metreveli/m271,Alex Metreveli,GEO,1944-11-02,NaN,NaN,right,unknown,NaN
robert-lutz/l045,Robert Lutz,USA,1947-08-29,82,180,right,unknown,NaN
fred-stolle/s129,Fred Stolle,AUS,1938-10-08,93,191,right,unknown,1966
hans-jurgen-pohmann/p082,Hans-Jurgen Pohmann,GER,1947-05-23,NaN,NaN,right,unknown,NaN
erik-van-dillen/v049,Erik Van Dillen,USA,1951-02-21,70,183,right,unknown,NaN
colin-dibley/d076,Colin Dibley,AUS,1944-09-19,86,188,right,unknown,NaN
onny-parun/p070,Onny Parun,NZL,1947-04-15,76,188,right,unknown,NaN
patrick-proisy/p085,Patrick Proisy,FRA,1949-09-10,70,180,right,unknown,NaN
ross-case/c020,Ross Case,AUS,1951-11-01,NaN,NaN,right,unknown,NaN
raymond-moore/m118,Raymond Moore,RSA,1946-08-24,75,183,right,unknown,NaN
jiri-hrebec/h066,Jiri Hrebec,CZE,1950-09-19,NaN,NaN,right,unknown,NaN
francois-jauffret/j031,Francois Jauffret,FRA,1942-02-09,75,180,right,unknown,NaN
jurgen-fassbender/f068,Jurgen Fassbender,GER,1948-05-28,NaN,NaN,right,unknown,NaN
charlie-pasarell/p072,Charlie Pasarell,USA,1944-02-12,NaN,NaN,right,unknown,1968
clark-graebner/g079,Clark Graebner,USA,1943-11-04,80,188,right,unknown,NaN
phil-dent/d074,Phil Dent,AUS,1950-02-14,78,183,right,unknown,NaN
paul-gerken/g073,Paul Gerken,USA,1950-03-15,75,185,right,unknown,NaN
dick-crealy/c093,Dick Crealy,AUS,1944-09-18,NaN,NaN,right,unknown,NaN
geoff-masters/m139,Geoff Masters,AUS,1950-09-19,NaN,NaN,right,unknown,NaN
andrew-pattison/p074,Andrew Pattison,ZIM,1949-01-30,82,188,right,unknown,NaN
ivan-molina/m152,Ivan Molina,COL,1946-06-16,NaN,NaN,left,unknown,NaN
patrice-dominguez/d080,Patrice Dominguez,FRA,1950-01-12,70,173,left,unknown,NaN
jeff-austin/a065,Jeff Austin,USA,1951-07-05,0,0,right,unknown,0
ove-nils-bengtson/b126,Ove Nils Bengtson,SWE,1945-04-05,93,196,right,unknown,NaN
peter-szoke/s230,Peter Szoke,HUN,1947-08-08,NaN,NaN,right,unknown,NaN
harold-solomon/s065,Harold Solomon,USA,1952-09-17,59,168,right,unknown,NaN
allan-stone/s148,Allan Stone,AUS,1945-10-14,NaN,NaN,right,unknown,NaN
kjell-johansson/j032,Kjell Johansson,SWE,1951-02-12,NaN,NaN,right,unknown,NaN
martin-mulligan/m155,Martin Mulligan,ITA,1940-10-18,NaN,NaN,right,unknown,NaN
pierre-barthes/b122,Pierre Barthes,FRA,1941-09-13,NaN,NaN,right,unknown,NaN
barry-phillips-moore/p078,Barry Phillips-Moore,AUS,1937-07-09,68,173,right,unknown,NaN
boro-jovanovic/j033,Boro Jovanovic,YUG,1939-10-21,NaN,NaN,right,unknown,NaN
gerald-battrick/b124,Gerald Battrick,GBR,1947-05-27,66,178,right,unknown,NaN
georges-goven/g031,Georges Goven,FRA,1948-04-26,61,173,right,unknown,NaN
juan-gisbert-sr/g076,Juan Gisbert Sr,ESP,1942-04-05,82,188,right,unknown,1965
antonio-zugarelli/z013,Antonio Zugarelli,ITA,1950-01-17,NaN,NaN,right,unknown,NaN
zeljko-franulovic/f074,Zeljko Franulovic,CRO,1947-06-13,NaN,NaN,right,one-handed,1969
sherwood-stewart/s082,Sherwood Stewart,USA,1946-06-06,84,188,right,unknown,NaN
frank-froehling/f079,Frank Froehling,USA,1942-05-19,77,191,right,unknown,NaN
robert-maud/m140,Robert Maud,RSA,1946-08-12,78,180,right,unknown,NaN
ion-tiriac/t040,Ion Tiriac,ROU,1939-05-09,NaN,NaN,right,unknown,NaN
mike-estep/e040,Mike Estep,USA,1949-07-19,73,173,right,unknown,NaN
corrado-barazzutti/b007,Corrado Barazzutti,ITA,1953-02-19,70,178,right,unknown,NaN
jaime-pinto-bravo/p067,Jaime Pinto-Bravo,CHI,1939-10-09,NaN,NaN,right,unknown,NaN
frew-mcmillan/m111,Frew McMillan,RSA,1942-05-20,76,183,right,unknown,NaN
toshiro-sakai/s103,Toshiro Sakai,JPN,1947-11-23,NaN,NaN,right,unknown,NaN
bob--carmichael/c080,Bob Carmichael,AUS,1940-07-04,82,183,right,unknown,NaN
ismail-el-shafei/e038,Ismail El Shafei,EGY,1947-11-15,NaN,NaN,left,unknown,NaN
jeff-borowiak/b059,Jeff Borowiak,USA,1949-09-25,82,193,right,unknown,NaN
antonio-munoz/m156,Antonio Munoz,ESP,1951-03-01,NaN,NaN,right,unknown,NaN
jean-baptiste-chanfreau/c083,Jean-Baptiste Chanfreau,FRA,1947-01-17,NaN,NaN,right,unknown,NaN
hans-kary/k041,Hans Kary,AUT,1949-02-23,NaN,NaN,left,unknown,NaN
john-cooper/c171,John Cooper,AUS,1946-11-04,NaN,NaN,right,unknown,NaN
ian-fletcher/f071,Ian Fletcher,AUS,1948-12-01,NaN,NaN,right,unknown,NaN
milan-holecek/h059,Milan Holecek,CZE,1943-10-23,88,191,right,unknown,NaN
wanaro-n'godrella/n045,Wanaro N'Godrella,FRA,1949-10-19,NaN,NaN,right,unknown,NaN
haroon-rahim/r063,Haroon Rahim,PAK,1949-11-12,NaN,NaN,right,unknown,NaN
vladimir-zednik/z023,Vladimir Zednik,CZE,1947-02-01,NaN,NaN,right,unknown,NaN
jeff-simpson/s123,Jeff Simpson,NZL,1950-10-29,NaN,NaN,right,unknown,NaN
john-paish/p142,John Paish,GBR,1948-03-25,NaN,NaN,left,unknown,NaN
jun-kamiwazumi/k002,Jun Kamiwazumi,JPN,1947-10-01,NaN,NaN,right,unknown,NaN
jim-mcmanus/m144,Jim McManus,USA,1940-09-16,71,175,left,unknown,1968
butch-seewagen/s139,Butch Seewagen,USA,1946-06-13,79,188,right,unknown,NaN
paul-kronk/k073,Paul Kronk,AUS,1954-09-22,NaN,NaN,right,unknown,NaN
dick-dell/d073,Dick Dell,USA,1947-09-29,NaN,NaN,right,unknown,NaN
patricio-cornejo/c088,Patricio Cornejo,CHI,1944-06-06,75,180,right,unknown,NaN
john-lloyd/l036,John Lloyd,GBR,1954-08-27,75,178,right,unknown,NaN
thomaz-koch/k036,Thomaz Koch,BRA,1945-05-11,NaN,NaN,left,unknown,NaN
tony-roche/r073,Tony Roche,AUS,1945-05-17,79,178,left,unknown,NaN
billy-martin/m138,Billy Martin,USA,1956-12-25,86,178,right,unknown,1975
balazs-taroczy/t007,Balazs Taroczy,HUN,1954-05-09,77,183,right,unknown,NaN
vitas-gerulaitis/g008,Vitas Gerulaitis,USA,1954-07-26,70,183,right,unknown,NaN
kim-warwick/w006,Kim Warwick,AUS,1952-04-08,77,183,right,unknown,NaN
john-yuill/y008,John Yuill,RSA,1948-12-12,NaN,NaN,right,unknown,NaN
sandy-mayer/m039,Sandy Mayer,USA,1952-04-05,70,178,right,unknown,NaN
bob-hewitt/h058,Bob Hewitt,RSA,1940-01-12,93,191,right,unknown,NaN
marcelo-lara/l057,Marcelo Lara,MEX,1947-10-05,NaN,NaN,right,unknown,NaN
roger-dowdeswell/d081,Roger Dowdeswell,ZIM,1944-02-16,NaN,NaN,right,unknown,NaN
jairo-velasco-sr/v294,Jairo Velasco Sr,COL,1947-05-09,66,173,right,unknown,NaN
ray-ruffels/r076,Ray Ruffels,AUS,1946-03-23,NaN,NaN,right,unknown,NaN
grover-raz-reid/r068,Grover Raz Reid,USA,1951-08-27,NaN,NaN,right,unknown,NaN
julian-ganzabal/g068,Julian Ganzabal,ARG,1946-08-25,NaN,NaN,right,unknown,NaN
john-whitlinger/w051,John Whitlinger,USA,1954-02-04,73,180,right,unknown,NaN
william-brown/b134,William Brown,USA,1945-01-14,NaN,NaN,right,unknown,NaN
anand-amritraj/a021,Anand Amritraj,IND,1952-03-20,77,185,right,unknown,0
steve-krulevitz/k053,Steve Krulevitz,USA,1951-05-30,77,175,right,unknown,1973
hans-joachim-ploetz/p081,Hans-Joachim Ploetz,GER,1944-02-26,NaN,NaN,right,unknown,NaN
fred-mcnair-iv/m146,Fred McNair IV,USA,1950-07-22,77,183,right,unknown,1973
ricardo-cano/c010,Ricardo Cano,ARG,1951-02-26,74,170,right,unknown,NaN
jose-higueras/h019,Jose Higueras,ESP,1953-03-01,75,178,right,unknown,1973
bernard-mitton/m072,Bernard Mitton,RSA,1954-11-09,84,188,right,unknown,NaN
victor-pecci/p015,Victor Pecci,PAR,1955-10-15,86,193,right,unknown,NaN
wojtek-fibak/f020,Wojtek Fibak,POL,1952-08-03,73,183,right,unknown,NaN
ulrich-pinner/p034,Ulrich Pinner,GER,1954-02-07,NaN,NaN,right,unknown,NaN
john-andrews/a062,John Andrews,USA,1952-02-05,0,0,right,unknown,0
jim-delaney/d072,Jim Delaney,USA,1953-03-12,NaN,NaN,right,unknown,NaN
mike-cahill/c075,Mike Cahill,USA,1952-06-17,75,183,right,unknown,1974
graham-stilwell/s147,Graham Stilwell,GBR,1945-11-15,NaN,173,right,unknown,NaN
colin-dowdeswell/d037,Colin Dowdeswell,GBR,1955-05-12,79,185,right,unknown,NaN
harald-elschenbroich/e037,Harald Elschenbroich,GER,1941-06-19,NaN,NaN,right,unknown,NaN
bob-giltinan/g074,Bob Giltinan,AUS,1949-04-07,NaN,NaN,right,unknown,NaN
sashi-menon/m058,Sashi Menon,IND,1952-08-09,73,180,right,unknown,NaN
norman-holmes/h062,Norman Holmes,USA,1949-10-05,NaN,NaN,right,unknown,NaN
nicola--spear/s146,Nicola Spear,SRB,1944-02-22,NaN,NaN,right,unknown,NaN
birger-andersson/a086,Birger Andersson,SWE,1951-03-26,0,0,right,unknown,0
victor-amaya/a044,Victor Amaya,USA,1954-07-02,0,201,left,unknown,0
pat-cramer/c091,Pat Cramer,RSA,1947-03-21,NaN,NaN,right,unknown,NaN
trey-waltke/w045,Trey Waltke,USA,1955-03-16,66,173,right,unknown,NaN
mark-edmondson/e005,Mark Edmondson,AUS,1954-06-28,86,185,right,unknown,NaN
gene-mayer/m038,Gene Mayer,USA,1956-04-11,68,183,right,unknown,NaN
bill-scanlon/s017,Bill Scanlon,USA,1956-11-13,77,185,right,unknown,NaN
byron-bertram/b130,Byron Bertram,RSA,1952-10-29,NaN,NaN,right,unknown,NaN
belus-prajoux/p046,Belus Prajoux,CHI,1955-02-27,68,170,right,unknown,NaN
terry-moor/m081,Terry Moor,USA,1952-04-23,73,178,left,unknown,NaN
james-chico-hagey/h054,James Chico Hagey,USA,1953-02-25,NaN,NaN,right,unknown,NaN
jun-kuki/k054,Jun Kuki,JPN,1945-12-28,NaN,NaN,right,unknown,NaN
butch-walts/w002,Butch Walts,USA,1955-06-04,79,193,right,unknown,NaN
brian-teacher/t011,Brian Teacher,USA,1954-12-23,79,191,right,unknown,NaN
syd-ball/b106,Syd Ball,AUS,1950-01-24,79,188,right,unknown,NaN
mike-machette/m132,Mike Machette,USA,1951-01-27,NaN,NaN,right,unknown,NaN
jean-francois-caujolle/c082,Jean-Francois Caujolle,FRA,1953-03-31,NaN,NaN,left,unknown,NaN
alvaro-betancur/b131,Alvaro Betancur,COL,1950-01-03,NaN,NaN,right,unknown,NaN
pat-dupre/d048,Pat Dupre,USA,1954-09-16,79,191,right,unknown,NaN
john-mcenroe/m047,John McEnroe,USA,1959-02-16,75,180,left,unknown,1978
tim-gullikson/g048,Tim Gullikson,USA,1951-09-08,79,180,right,unknown,NaN
hans-gildemeister/g015,Hans Gildemeister,CHI,1956-02-09,85,180,right,unknown,NaN
peter-fleming/f030,Peter Fleming,USA,1955-01-21,84,196,right,unknown,NaN
henry-pfister/p026,Henry Pfister,USA,1953-10-09,84,193,right,unknown,NaN
mike-fishbach/f092,Mike Fishbach,USA,1954-12-01,70,180,right,unknown,NaN
chris-lewis/l024,Chris Lewis (NZL),NZL,1957-03-09,75,180,right,unknown,NaN
tom-gullikson/g049,Tom Gullikson,USA,1951-09-08,77,180,left,unknown,NaN
nick-saviano/s111,Nick Saviano,USA,1956-06-05,75,180,left,unknown,NaN
cliff-letcher/l062,Cliff Letcher,AUS,1952-02-09,NaN,NaN,right,unknown,NaN
tomas-smid/s058,Tomas Smid,CZE,1956-05-20,79,191,right,unknown,NaN
jiri-granat/g040,Jiri Granat,CZE,1955-01-28,80,185,right,unknown,NaN
keith-richardson/r070,Keith Richardson,USA,1953-08-18,81,185,right,one-handed,1976
richard-lewis/l025,Richard Lewis,GBR,1954-12-06,NaN,NaN,left,unknown,NaN
rick-fagel/f001,Rick Fagel,USA,1953-11-29,70,180,right,unknown,NaN
frank-gebert/g071,Frank Gebert,GER,1952-06-11,NaN,NaN,right,unknown,NaN
eric-deblicker/d063,Eric Deblicker,FRA,1952-04-17,NaN,NaN,right,unknown,NaN
louk-sanders/s136,Louk Sanders,NED,1950-05-09,NaN,NaN,right,unknown,NaN
jose-luis-clerc/c039,Jose-Luis Clerc,ARG,1958-08-16,80,185,right,unknown,NaN
johan-kriek/k022,Johan Kriek,USA,1958-04-05,76,175,right,unknown,1978
angel-gimenez/g017,Angel Gimenez,ESP,1955-10-10,57,163,right,unknown,NaN
eliot-teltscher/t012,Eliot Teltscher,USA,1959-03-15,68,178,right,unknown,1977
peter-feigl/f011,Peter Feigl,AUT,1951-11-30,77,183,right,unknown,NaN
yannick-noah/n022,Yannick Noah,FRA,1960-05-18,82,193,right,unknown,NaN
rolf-gehring/g007,Rolf Gehring,GER,1955-11-25,79,185,right,unknown,NaN
tim-wilkison/w019,Tim Wilkison,USA,1959-11-23,73,180,left,unknown,NaN
heinz-gunthardt/g050,Heinz Gunthardt,SUI,1959-02-08,70,180,right,unknown,NaN
deon-joubert/j021,Deon Joubert,RSA,1953-06-10,NaN,NaN,left,unknown,NaN
francisco-gonzalez/g024,Francisco Gonzalez,PAR,1955-11-19,88,193,right,unknown,NaN
john-marks/m136,John Marks,AUS,1952-12-09,NaN,NaN,right,unknown,NaN
peter-mcnamara/m051,Peter McNamara,AUS,1955-07-05,75,185,right,unknown,NaN
tom-leonard/l061,Tom Leonard,USA,1948-07-15,74,175,right,unknown,NaN
ivan-lendl/l018,Ivan Lendl,USA,1960-03-07,79,188,right,one-handed,1978
jorge-andrew/a061,Jorge Andrew,VEN,1951-11-02,88,511,right,one-handed,NaN
carlos-kirmayr/k009,Carlos Kirmayr,BRA,1950-09-23,68,173,right,unknown,NaN
david-schneider/s115,David Schneider,USA,1955-05-17,86,185,right,unknown,NaN
john-sadri/s005,John Sadri,USA,1956-09-19,82,188,right,unknown,NaN
javier-soler/s064,Javier Soler,ESP,1955-03-25,NaN,NaN,left,unknown,NaN
alvin-gardiner/g070,Alvin Gardiner,AUS,1951-02-11,NaN,NaN,right,unknown,NaN
kevin-curren/c057,Kevin Curren,USA,1958-03-02,77,185,right,unknown,1979
erick-iskersky/i004,Erick Iskersky,USA,1958-01-25,70,180,right,unknown,NaN
john-austin/a053,John Austin,USA,1957-07-31,88,193,right,unknown,0
steve-docherty/d078,Steve Docherty,AUS,1950-05-06,NaN,NaN,right,unknown,NaN
werner-zirngibl/z012,Werner Zirngibl,GER,1956-09-04,NaN,NaN,right,unknown,NaN
gianni-ocleppo/o004,Gianni Ocleppo,ITA,1957-04-06,79,183,right,unknown,NaN
vincent-van-patten/v010,Vincent Van Patten,USA,1957-10-17,73,180,right,unknown,NaN
peter-rennert/r017,Peter Rennert,USA,1958-12-26,78,185,left,unknown,1980
andres-gomez/g023,Andres Gomez,ECU,1960-02-27,84,193,left,unknown,1979
charles-owens/o033,Charles Owens,USA,1950-07-31,NaN,NaN,right,unknown,NaN
ferdi-taygan/t037,Ferdi Taygan,USA,1956-12-05,68,173,right,unknown,1977
dominique-bedel/b030,Dominique Bedel,FRA,1957-02-20,73,185,right,unknown,NaN
jean-louis-haillet/h041,Jean-Louis Haillet,FRA,1954-05-07,NaN,NaN,right,unknown,NaN
brad-drewett/d040,Brad Drewett,AUS,1958-07-19,79,185,left,unknown,NaN
pavel-slozil/s056,Pavel Slozil,CZE,1955-12-29,70,173,right,unknown,NaN
bruce-manson/m014,Bruce Manson,USA,1956-03-20,75,173,left,unknown,1977
fritz-buehning/b079,Fritz Buehning,USA,1960-03-05,91,196,right,unknown,NaN
paul-mcnamee/m050,Paul McNamee,AUS,1954-11-12,73,178,right,unknown,NaN
alejandro-pierola/p030,Alejandro Pierola,CHI,1949-11-20,NaN,NaN,right,unknown,NaN
stanislav-birner/b046,Stanislav Birner,CZE,1956-10-11,66,170,right,unknown,NaN
rod-frawley/f039,Rod Frawley,AUS,1952-09-08,90,180,right,one-handed,NaN
fernando-luna/l043,Fernando Luna,ESP,1958-04-24,68,175,right,unknown,NaN
carlos-gattiker/g005,Carlos Gattiker,ARG,1956-06-06,77,175,right,unknown,NaN
john-james/j029,John James,AUS,1951-03-07,79,183,right,unknown,NaN
michael-grant/g081,Michael Grant,USA,1956-02-03,79,183,right,unknown,NaN
per-hjertquist/h024,Per Hjertquist,SWE,1960-04-06,73,183,right,unknown,NaN
mel-purcell/p057,Mel Purcell,USA,1959-07-18,70,178,right,unknown,NaN
mario-martinez/m026,Mario Martinez,BOL,1961-09-12,66,170,right,unknown,NaN
christophe-roger-vasselin/r037,Christophe Roger-Vasselin,FRA,1957-07-08,75,188,right,unknown,NaN
marcos-hocevar/h026,Marcos Hocevar,BRA,1955-09-25,84,185,right,unknown,NaN
ramesh-krishnan/k024,Ramesh Krishnan,IND,1961-06-05,64,170,right,unknown,1978
pascal-portes/p042,Pascal Portes,FRA,1959-05-28,68,175,right,unknown,NaN
shlomo-glickstein/g019,Shlomo Glickstein,ISR,1958-01-06,93,188,right,unknown,NaN
jose-luis-damiani/d069,Jose Luis Damiani,URU,1956-11-21,82,185,right,unknown,NaN
tony-giammalva/g011,Tony Giammalva,USA,1958-04-21,88,191,right,unknown,NaN
ricardo-ycaza/y007,Ricardo Ycaza,ECU,1958-02-16,73,183,right,unknown,NaN
robert-van't-hof/v008,Robert Van't Hof,USA,1959-04-10,82,193,right,unknown,1980
gustavo-guerrero/g047,Gustavo Guerrero,ARG,1959-10-22,73,180,left,unknown,NaN
christophe-freyss/f042,Christophe Freyss,FRA,1956-08-30,85,183,left,unknown,NaN
rick-meyer/m061,Rick Meyer,USA,1955-09-04,73,183,right,unknown,NaN
van-winitsky/w027,Van Winitsky,USA,1959-03-12,75,185,left,unknown,1978
john-hayes/h010,John Hayes,USA,1955-04-07,91,193,right,unknown,1977
eddie-edwards/e006,Eddie Edwards,RSA,1956-07-03,82,191,right,unknown,NaN
haroon-ismail/i005,Haroon Ismail,ZIM,1955-02-27,67,178,right,unknown,NaN
tim-mayotte/m041,Tim Mayotte,USA,1960-08-03,84,191,right,unknown,NaN
pedro-rebolledo/r012,Pedro Rebolledo,CHI,1960-12-17,68,170,right,unknown,NaN
andreas-maurer/m036,Andreas Maurer,GER,1958-03-08,71,175,right,unknown,NaN
steve-denton/d019,Steve Denton,USA,1956-09-05,82,188,right,unknown,NaN
thierry-tulasne/t032,Thierry Tulasne,FRA,1963-07-12,73,178,right,unknown,NaN
john-fitzgerald/f028,John Fitzgerald,AUS,1960-12-28,77,183,right,unknown,1980
sammy-giammalva-jr./g013,Sammy Giammalva Jr.,USA,1963-03-24,75,178,right,unknown,NaN
joakim-nystrom/n030,Joakim Nystrom,SWE,1963-02-20,70,188,right,unknown,NaN
mats-wilander/w023,Mats Wilander,SWE,1964-08-22,77,183,right,unknown,1981
peter-elter/e013,Peter Elter,GER,1958-06-10,77,178,right,unknown,NaN
jose-lopez-maeso/l039,Jose Lopez-Maeso,ESP,1956-12-24,66,173,right,unknown,NaN
gilles-moretton/m119,Gilles Moretton,FRA,1958-02-10,82,191,right,unknown,NaN
jimmy-arias/a031,Jimmy Arias,USA,1964-08-16,70,175,right,unknown,1980
matt-doyle/d039,Matt Doyle,IRL,1958-01-13,86,193,right,unknown,NaN
pablo-arraya/a035,Pablo Arraya,PER,1961-10-21,73,180,right,unknown,1980
chris-johnstone/j014,Chris Johnstone,AUS,1960-10-12,68,175,right,unknown,NaN
diego-perez/p021,Diego Perez,URU,1962-02-09,75,178,right,unknown,1981
david-carter/c072,David Carter,AUS,1956-04-21,75,183,right,unknown,NaN
anders-jarryd/j006,Anders Jarryd,SWE,1961-07-13,70,180,right,unknown,1980
henri-leconte/l014,Henri Leconte,FRA,1963-07-04,79,185,left,unknown,1980
chip-hooper/h033,Chip Hooper,USA,1958-10-24,95,198,right,unknown,NaN
jay-lapidus/l005,Jay Lapidus,USA,1959-05-01,86,188,left,unknown,1980
mark-dickson/d028,Mark Dickson,USA,1959-12-08,78,191,right,unknown,1982
hans-simonsson/s053,Hans Simonsson,SWE,1962-05-01,70,178,right,unknown,NaN
russell-simpson/s052,Russell Simpson,NZL,1954-02-22,79,188,right,unknown,NaN
henrik-sundstrom/s097,Henrik Sundstrom,SWE,1964-02-29,73,188,right,unknown,NaN
scott-davis/d004,Scott Davis,USA,1962-08-27,77,188,right,unknown,1983
pat-cash/c023,Pat Cash,AUS,1965-05-27,84,183,right,unknown,1982
mike-bauer/b023,Mike Bauer,USA,1959-06-29,84,188,right,unknown,1982
jimmy-brown/b074,Jimmy Brown,USA,1965-04-28,68,180,right,unknown,1981
eric-korita/k019,Eric Korita,USA,1963-01-13,93,196,right,unknown,NaN
roberto-arguello/a030,Roberto Arguello,ARG,1963-05-12,66,173,ambidextrous,unknown,0
stefan-edberg/e004,Stefan Edberg,SWE,1966-01-19,77,188,right,unknown,1983
libor-pimek/p032,Libor Pimek,BEL,1963-08-03,82,196,right,unknown,1982
stefan-simonsson/s051,Stefan Simonsson,SWE,1960-01-05,73,175,right,unknown,NaN
brad-gilbert/g016,Brad Gilbert,USA,1961-08-09,79,185,right,unknown,1982
thomas-hogstedt/h029,Thomas Hogstedt,SWE,1963-09-21,77,191,right,unknown,1981
juan-aguilera/a007,Juan Aguilera,ESP,1962-03-22,68,183,right,unknown,NaN
nduka-odizor/o006,Nduka Odizor,NGR,1958-08-09,75,183,right,unknown,NaN
wally-masur/m030,Wally Masur,AUS,1963-05-13,76,180,right,unknown,1982
claudio-panatta/p008,Claudio Panatta,ITA,1960-02-02,77,178,right,unknown,NaN
francesco-cancellotti/c013,Francesco Cancellotti,ITA,1963-02-27,75,183,right,unknown,NaN
sergio-casal/c024,Sergio Casal,ESP,1962-09-08,77,185,right,unknown,1981
eric-fromm/f047,Eric Fromm,USA,1958-06-27,77,178,right,unknown,NaN
glenn-michibata/m064,Glenn Michibata,CAN,1962-06-13,73,175,right,unknown,1983
cassio-motta/m092,Cassio Motta,BRA,1960-02-22,79,180,right,unknown,1979
florin-segarceanu/s033,Florin Segarceanu,ROU,1961-03-29,66,180,right,unknown,NaN
marty-davis/d005,Marty Davis,USA,1958-11-15,82,183,right,unknown,1980
roland-stadler/s077,Roland Stadler,SUI,1959-06-14,70,178,ambidextrous,unknown,NaN
zoltan-kuharszky/k031,Zoltan Kuharszky,HUN,1959-07-08,75,183,right,unknown,NaN
steve-meister/m056,Steve Meister,USA,1958-04-21,82,193,right,one-handed,1980
bernard-boileau/b054,Bernard Boileau,BEL,1959-05-25,75,185,right,unknown,NaN
mike-de-palmer/d021,Mike De Palmer,USA,1961-10-17,79,185,left,unknown,NaN
aaron-krickstein/k023,Aaron Krickstein,USA,1967-08-02,73,183,right,two-handed,1983
marko-ostoja/o025,Marko Ostoja,CRO,1960-10-20,70,175,right,unknown,NaN
jan-gunnarsson/g053,Jan Gunnarsson,SWE,1962-05-30,80,185,right,unknown,NaN
miloslav-mecir-sr./m052,Miloslav Mecir Sr.,SVK,1964-05-19,82,191,right,unknown,NaN
ben-testerman/t014,Ben Testerman,USA,1962-02-02,82,185,left,unknown,NaN
david-pate/p012,David Pate,USA,1962-04-16,77,183,right,unknown,1983
guy-forget/f035,Guy Forget,FRA,1965-01-04,80,191,left,unknown,1982
bob-green/g043,Bob Green,USA,1960-03-25,82,193,right,unknown,NaN
matt-mitchell/m071,Matt Mitchell,USA,1957-03-16,73,180,right,unknown,NaN
martin-jaite/j004,Martin Jaite,ARG,1964-10-09,70,178,right,unknown,1983
greg-holmes/h030,Greg Holmes,USA,1963-08-29,73,178,right,unknown,NaN
leif-shiras/s045,Leif Shiras,USA,1959-08-21,77,183,right,unknown,1981
alejandro-ganzabal/g001,Alejandro Ganzabal,ARG,1960-02-16,73,180,right,unknown,NaN
boris-becker/b028,Boris Becker,GER,1967-11-22,85,191,right,unknown,1984
john-frawley/f040,John Frawley,AUS,1965-07-04,75,173,right,unknown,NaN
trevor-allan/a017,Trevor Allan,AUS,1955-08-17,77,178,left,unknown,0
tarik-benhabiles/b037,Tarik Benhabiles,FRA,1965-02-05,64,175,right,unknown,NaN
danie-visser/v032,Danie Visser,RSA,1961-07-26,79,180,left,unknown,1982
michael-westphal/w014,Michael Westphal,GER,1965-02-19,78,191,right,unknown,NaN
shahar-perkiss/p018,Shahar Perkiss,ISR,1962-10-14,70,193,right,unknown,NaN
michiel-schapers/s021,Michiel Schapers,NED,1959-10-11,95,198,right,one-handed,1982
blaine-willenborg/w022,Blaine Willenborg,USA,1960-01-04,75,170,right,unknown,NaN
givaldo-barbosa/b015,Givaldo Barbosa,BRA,1954-01-25,70,183,right,unknown,NaN
peter-doohan/d036,Peter Doohan,AUS,1961-05-02,84,191,right,unknown,NaN
jaroslav-navratil/n010,Jaroslav Navratil,CZE,1957-07-24,82,196,right,unknown,NaN
hans-schwaier/s028,Hans Schwaier,GER,1964-03-24,66,173,right,unknown,NaN
horacio-de-la-pena/d008,Horacio De La Pena,ARG,1966-08-01,72,180,left,unknown,1984
jakob-hlasek/h025,Jakob Hlasek,SUI,1964-11-12,78,188,right,one-handed,1983
paul-annacone/a027,Paul Annacone,USA,1963-03-20,79,185,right,unknown,1984
mike-leach/l012,Mike Leach,USA,1960-03-09,75,180,left,one-handed,NaN
todd-nelson/n013,Todd Nelson,USA,1961-03-18,84,185,right,unknown,1983
lloyd-bourne/b066,Lloyd Bourne,USA,1958-10-18,82,191,right,unknown,NaN
matt-anger/a025,Matt Anger,USA,1963-06-20,77,188,right,unknown,1984
peter-lundgren/l044,Peter Lundgren,SWE,1965-01-29,80,185,right,unknown,1983
slobodan-zivojinovic/z006,Slobodan Zivojinovic,SRB,1963-07-23,100,198,right,unknown,NaN
bud-schultz/s018,Bud Schultz,USA,1959-08-21,84,193,right,unknown,NaN
jaime-yzaga/y017,Jaime Yzaga,PER,1967-10-23,68,170,right,unknown,1985
ronald-agenor/a006,Ronald Agenor,USA,1964-11-13,82,180,right,unknown,1983
kent-carlsson/c019,Kent Carlsson,SWE,1968-01-03,72,180,right,unknown,NaN
marian-vajda/v002,Marian Vajda,SVK,1965-03-24,88,170,right,unknown,NaN
larry-stefanki/s081,Larry Stefanki,USA,1957-07-23,68,178,right,unknown,NaN
robert-seguso/s034,Robert Seguso,USA,1963-05-01,82,191,right,unknown,NaN
ricardo-acuna/a002,Ricardo Acuna,CHI,1958-01-13,68,175,right,unknown,0
lawson-duncan/d044,Lawson Duncan,USA,1964-10-26,75,185,right,unknown,NaN
ken-flach/f029,Ken Flach,USA,1963-05-24,75,185,right,unknown,1983
emilio-sanchez/s014,Emilio Sanchez,ESP,1965-05-29,74,180,right,unknown,1984
francisco-maciel/m006,Francisco Maciel,MEX,1964-07-01,74,185,right,unknown,NaN
jonathan-canter/c011,Jonathan Canter,USA,1965-06-04,79,185,right,unknown,1983
marcelo-ingaramo/i003,Marcelo Ingaramo,ARG,1962-10-13,69,178,left,unknown,1982
christo-steyn/s084,Christo Steyn,RSA,1961-05-01,79,185,right,unknown,NaN
bruno-oresar/o018,Bruno Oresar,CRO,1967-04-21,67,175,right,unknown,NaN
amos-mansdorf/m012,Amos Mansdorf,ISR,1965-10-20,73,175,right,unknown,1983
damir-keretic/k008,Damir Keretic,GER,1960-03-26,68,178,right,unknown,NaN
kelly-evernden/e025,Kelly Evernden,NZL,1961-09-21,70,175,right,unknown,1985
leonardo-lavalle/l009,Leonardo Lavalle,MEX,1967-07-14,79,188,left,unknown,1985
simon-youl/y002,Simon Youl,AUS,1965-07-01,77,185,right,unknown,1982
martin-wostenholme/w038,Martin Wostenholme,CAN,1962-10-11,75,183,right,two-handed,NaN
julio-goes/g020,Julio Goes,BRA,1955-10-25,70,180,right,unknown,NaN
thomas-muster/m099,Thomas Muster,AUT,1967-10-02,77,180,left,one-handed,1985
jeremy-bates/b021,Jeremy Bates,GBR,1962-06-19,73,180,right,unknown,1982
mikael-pernfors/p024,Mikael Pernfors,SWE,1963-07-16,68,173,right,unknown,1985
jonas-svensson/s101,Jonas Svensson,SWE,1966-10-21,76,188,right,unknown,1985
milan-srejber/s072,Milan Srejber,CZE,1963-12-30,98,203,right,unknown,NaN
eric-jelen/j008,Eric Jelen,GER,1965-03-11,77,180,right,unknown,NaN
karel-novacek/n025,Karel Novacek,CZE,1965-03-30,82,191,right,unknown,1984
ulf-stenlund/s276,Ulf Stenlund,SWE,1967-01-21,70,180,right,unknown,NaN
andrei-chesnokov/c031,Andrei Chesnokov,RUS,1966-02-02,76,188,right,unknown,1985
horst-skoff/s055,Horst Skoff,AUT,1968-08-22,73,175,right,unknown,1985
paolo-cane/c012,Paolo Cane,ITA,1965-04-09,68,180,right,unknown,1983
gary-donnelly/d034,Gary Donnelly,USA,1962-06-03,82,191,right,unknown,NaN
marcel-freeman/f043,Marcel Freeman,USA,1960-03-30,66,173,right,unknown,NaN
todd-witsken/w029,Todd Witsken,USA,1963-11-04,79,183,right,unknown,1985
simone-colombo/c043,Simone Colombo,ITA,1963-08-28,75,180,right,unknown,1993
broderick-dyke/d049,Broderick Dyke,AUS,1960-12-31,85,180,left,two-handed,1982
christo-van-rensburg/v014,Christo Van Rensburg,RSA,1962-10-23,73,185,right,unknown,1983
derrick-rostagno/r043,Derrick Rostagno,USA,1965-10-25,75,185,right,unknown,1986
glenn-layendecker/l010,Glenn Layendecker,USA,1961-05-09,79,185,left,unknown,NaN
jean-philippe-fleurian/f031,Jean-Philippe Fleurian,FRA,1965-09-11,79,185,right,unknown,1985
eduardo-bengoechea/b035,Eduardo Bengoechea,ARG,1959-07-02,78,185,right,unknown,NaN
francisco-yunis/y003,Francisco Yunis,ARG,1964-08-12,80,191,right,unknown,1982
ivan-kley/k013,Ivan Kley,BRA,1958-06-29,79,183,right,unknown,NaN
jay-berger/b281,Jay Berger,USA,1966-11-26,75,180,right,unknown,1986
richard-matuszewski/m032,Richard Matuszewski,USA,1964-09-07,77,188,right,unknown,1986
andre-agassi/a092,Andre Agassi,USA,1970-04-29,80,180,right,two-handed,1986
brad-pearce/p014,Brad Pearce,USA,1966-03-21,70,175,right,unknown,1986
jim-grabb/g039,Jim Grabb,USA,1964-04-14,82,193,right,unknown,1986
luiz-mattar/m035,Luiz Mattar,BRA,1963-08-18,76,183,right,unknown,1985
christian-miniussi/m069,Christian Miniussi,ARG,1967-07-05,75,185,right,unknown,1984
jordi-arrese/a034,Jordi Arrese,ESP,1964-08-29,64,175,right,unknown,1982
jim-pugh/p052,Jim Pugh,USA,1964-02-05,82,193,right,unknown,1985
stefan-eriksson/e022,Stefan Eriksson,SWE,1963-10-17,85,193,right,unknown,NaN
guillermo-perez-roldan/p190,Guillermo Perez-Roldan,ARG,1969-10-20,78,178,right,unknown,1986
claudio-mezzadri/m063,Claudio Mezzadri,SUI,1965-06-10,76,183,right,unknown,1983
carl-uwe-steeb/s080,Carl-Uwe Steeb,GER,1967-09-01,75,180,left,unknown,1986
dan-goldie/g022,Dan Goldie,USA,1963-10-03,79,188,right,unknown,NaN
magnus-gustafsson/g182,Magnus Gustafsson,SWE,1967-01-03,78,185,right,unknown,1986
tore-meinecke/m057,Tore Meinecke,GER,1967-07-21,73,180,right,unknown,NaN
mark-woodforde/w035,Mark Woodforde,AUS,1965-09-23,88,188,left,two-handed,1984
gary-muller/m096,Gary Muller,RSA,1964-12-27,82,191,left,unknown,1985
christian-bergstrom/b040,Christian Bergstrom,SWE,1967-07-19,68,180,right,unknown,1985
ricki-osterthun/o026,Ricki Osterthun,GER,1964-05-02,77,185,right,unknown,NaN
josef-cihak/c036,Josef Cihak,CZE,1963-03-19,76,185,right,unknown,NaN
richey-reneberg/r016,Richey Reneberg,USA,1965-10-05,77,180,right,unknown,1987
alberto-tous/t025,Alberto Tous,ESP,1962-08-03,70,175,right,unknown,NaN
paul-vojtischek/v036,Paul Vojtischek,GER,1963-06-13,82,188,right,unknown,NaN
darren-cahill/c001,Darren Cahill,AUS,1965-10-02,84,188,right,one-handed,NaN
patrik-kuhnen/k030,Patrik Kuhnen,GER,1966-02-11,82,191,right,unknown,1985
christian-saceanu/s288,Christian Saceanu,GER,1968-07-08,80,191,right,unknown,1986
branislav-stankovic/s079,Branislav Stankovic,SVK,1965-05-30,75,175,right,unknown,NaN
petr-korda/k148,Petr Korda,CZE,1968-01-23,86,191,left,one-handed,1987
niclas-kroon/k133,Niclas Kroon,SWE,1966-02-05,82,183,right,two-handed,1986
claudio-pistolesi/p037,Claudio Pistolesi,ITA,1967-08-25,76,180,right,unknown,1985
michael-chang/c274,Michael Chang,USA,1972-02-22,73,175,right,two-handed,1988
jim-courier/c243,Jim Courier,USA,1970-08-17,83,185,right,unknown,1988
alberto-mancini/m372,Alberto Mancini,ARG,1969-05-20,79,180,right,unknown,1987
marcelo-filippini/f165,Marcelo Filippini,URU,1967-08-04,66,178,right,unknown,1987
javier-sanchez/s015,Javier Sanchez,ESP,1968-02-01,70,178,right,unknown,1986
jorge-lozano/l041,Jorge Lozano,MEX,1963-05-17,70,180,right,unknown,1986
pieter-aldrich/a066,Pieter Aldrich,RSA,1965-09-07,80,180,right,unknown,1987
jason-stoltenberg/s331,Jason Stoltenberg,AUS,1970-04-04,80,185,right,unknown,1987
alexander-volkov/v037,Alexander Volkov,RUS,1967-03-03,79,188,left,unknown,1988
joey-rive/r029,Joey Rive,USA,1963-07-08,82,185,left,unknown,1985
shuzo-matsuoka/m338,Shuzo Matsuoka,JPN,1967-11-06,80,185,right,unknown,1986
yahiya-doumbia/d098,Yahiya Doumbia,SEN,1963-08-25,75,185,right,unknown,1986
javier-frana/f041,Javier Frana,ARG,1966-12-25,77,185,left,unknown,1986
andrei-olhovskiy/o009,Andrei Olhovskiy,RUS,1966-04-15,73,185,right,unknown,1989
eduardo-masso/m031,Eduardo Masso,BEL,1964-01-11,78,178,left,unknown,1984
diego-nargiso/n109,Diego Nargiso,ITA,1970-03-15,82,188,left,unknown,1987
udo-riglewski/r023,Udo Riglewski,GER,1966-07-28,80,185,right,unknown,1985
franco-davin/d006,Franco Davin,ARG,1970-01-11,64,173,left,unknown,1986
jeff-tarango/t136,Jeff Tarango,USA,1968-11-20,73,180,left,unknown,1989
pete-sampras/s402,Pete Sampras,USA,1971-08-12,77,185,right,one-handed,1988
tobias-svantesson/s347,Tobias Svantesson,SWE,1963-04-01,86,193,right,unknown,1987
olli-rahnasto/r006,Olli Rahnasto,FIN,1965-12-28,68,183,right,unknown,1982
sergi-bruguera/b350,Sergi Bruguera,ESP,1971-01-16,76,188,right,unknown,1988
goran-prpic/p050,Goran Prpic,CRO,1964-05-04,75,180,right,unknown,1984
goran-ivanisevic/i034,Goran Ivanisevic,CRO,1971-09-13,82,193,left,two-handed,1988
marc-rosset/r214,Marc Rosset,SUI,1970-11-07,88,201,right,unknown,1988
omar-camporese/c009,Omar Camporese,ITA,1968-05-08,78,188,right,unknown,1987
jens-woehrmann/w144,Jens Woehrmann,GER,1967-09-08,73,180,right,unknown,NaN
andrew-sznajder/s102,Andrew Sznajder,CAN,1967-05-25,73,175,right,unknown,1988
paul-haarhuis/h223,Paul Haarhuis,NED,1966-02-19,80,188,right,unknown,1989
paul-chamberlin/c029,Paul Chamberlin,USA,1962-03-26,73,178,right,unknown,NaN
martin-strelba/s328,Martin Strelba,CZE,1967-03-22,79,191,right,unknown,1988
mark-koevermans/k016,Mark Koevermans,NED,1968-02-03,79,185,right,unknown,1987
david-wheaton/w123,David Wheaton,USA,1969-06-02,84,193,right,unknown,1988
jerome-potier/p043,Jerome Potier,FRA,1962-07-18,70,180,left,unknown,NaN
tomas-carbonell/c216,Tomas Carbonell,ESP,1968-08-07,72,178,right,unknown,1987
andrei-cherkasov/c260,Andrei Cherkasov,RUS,1970-07-04,75,180,right,unknown,1988
alex-antonitsch/a028,Alex Antonitsch,AUT,1966-02-08,85,188,right,unknown,1988
lars-anders-wahlgren/w001,Lars-Anders Wahlgren,SWE,1966-08-24,84,193,right,unknown,1985
grant-connell/c046,Grant Connell,CAN,1965-11-17,82,185,left,unknown,1986
tom-nijssen/n018,Tom Nijssen,NED,1964-10-01,70,173,right,one-handed,1984
michael-stich/s351,Michael Stich,GER,1968-10-18,79,193,right,one-handed,1988
richard-fromberg/f164,Richard Fromberg,AUS,1970-04-28,88,196,right,unknown,1988
todd-woodbridge/w136,Todd Woodbridge,AUS,1971-04-02,75,178,right,unknown,1988
nicklas-kulti/k181,Nicklas Kulti,SWE,1971-04-22,88,191,right,unknown,1989
magnus-larsson/l206,Magnus Larsson,SWE,1970-03-25,93,193,right,unknown,1989
thierry-champion/c028,Thierry Champion,FRA,1966-08-31,70,183,right,unknown,NaN
fabrice-santoro/s424,Fabrice Santoro,FRA,1972-12-09,74,178,right,two-handed,1989
gilad-bloom/b051,Gilad Bloom,ISR,1967-03-01,73,173,left,unknown,1986
veli-paloheimo/p004,Veli Paloheimo,FIN,1967-12-13,76,183,right,unknown,NaN
aki-rahunen/r193,Aki Rahunen,FIN,1971-12-24,60,175,right,unknown,NaN
mark-kratzmann/k021,Mark Kratzmann,AUS,1966-05-17,73,178,left,unknown,1984
renzo-furlan/f192,Renzo Furlan,ITA,1970-05-17,70,175,right,unknown,1988
guillaume-raoux/r186,Guillaume Raoux,FRA,1970-02-14,77,180,right,unknown,1989
alexander-mronz/m093,Alexander Mronz,GER,1965-04-07,78,188,right,unknown,1987
robbie-weiss/w011,Robbie Weiss,USA,1966-12-01,75,183,right,unknown,1988
francisco-clavet/c252,Francisco Clavet,ESP,1968-10-24,71,183,left,unknown,1988
malivai-washington/w124,MaliVai Washington,USA,1969-06-20,79,180,right,two-handed,1989
brian-garrow/g212,Brian Garrow,USA,1968-04-08,73,173,right,unknown,NaN
cristiano-caratti/c270,Cristiano Caratti,ITA,1970-05-24,77,178,right,unknown,1989
lars-jonsson/j084,Lars Jonsson,SWE,1970-06-27,70,188,right,unknown,1988
jan-siemerink/s381,Jan Siemerink,NED,1970-04-14,73,183,left,unknown,1989
patrick-mcenroe/m048,Patrick McEnroe,USA,1966-07-01,73,183,right,unknown,1988
olivier-delaitre/d015,Olivier Delaitre,FRA,1967-06-01,85,168,right,one-handed,1986
wayne-ferreira/f196,Wayne Ferreira,RSA,1971-09-15,91,185,right,two-handed,1989
richard-krajicek/k214,Richard Krajicek,NED,1971-12-06,95,196,right,one-handed,1989
cedric-pioline/p226,Cedric Pioline,FRA,1969-06-15,79,188,right,unknown,1989
arnaud-boetsch/b053,Arnaud Boetsch,FRA,1969-04-01,76,183,right,unknown,1987
carlos-costa/c179,Carlos Costa,ESP,1968-04-22,73,183,right,unknown,1988
markus-zoecke/z045,Markus Zoecke,GER,1968-05-10,86,196,right,unknown,1989
frederic-fontang/f200,Frederic Fontang,FRA,1970-03-18,70,183,right,unknown,1989
jaime-oncins/o076,Jaime Oncins,BRA,1970-06-16,82,196,right,unknown,1988
stefano-pescosolido/p235,Stefano Pescosolido,ITA,1971-06-13,86,185,right,unknown,1989
gabriel-markus/m412,Gabriel Markus,ARG,1970-03-31,76,180,right,unknown,1989
bryan-shelton/s380,Bryan Shelton,USA,1965-12-22,80,185,right,unknown,1989
gianluca-pozzi/p045,Gianluca Pozzi,ITA,1965-06-17,80,180,left,unknown,1984
german-lopez/l202,German Lopez,ESP,1971-12-29,80,193,right,unknown,1990
patrick-baur/b293,Patrick Baur,GER,1965-05-03,186,185,right,one-handed,1986
lars-koslowski/k202,Lars Koslowski,GER,1971-05-22,72,188,right,unknown,1989
bart-wuyts/w133,Bart Wuyts,BEL,1969-09-15,68,178,right,unknown,1988
rodolphe-gilbert/g108,Rodolphe Gilbert,FRA,1968-12-12,73,183,left,unknown,1988
roberto-azar/a040,Roberto Azar,ARG,1966-03-21,77,185,left,unknown,1984
fernando-roese/r036,Fernando Roese,BRA,1965-08-24,82,191,right,unknown,1982
henrik-holm/h191,Henrik Holm,SWE,1968-08-22,77,183,right,unknown,1988
andrei-medvedev/m475,Andrei Medvedev,UKR,1974-08-31,91,193,right,unknown,1991
bernd-karbacher/k190,Bernd Karbacher,GER,1968-04-03,73,185,right,unknown,1989
luis-herrera/h228,Luis Herrera,MEX,1971-08-27,62,170,left,unknown,1989
thomas-enqvist/e113,Thomas Enqvist,SWE,1974-03-13,88,191,right,two-handed,1991
marcos-ondruska/o098,Marcos Ondruska,RSA,1972-12-18,80,183,right,two-handed,1989
kenneth-carlsen/c328,Kenneth Carlsen,DEN,1973-04-17,88,191,left,unknown,1992
sandon-stolle/s443,Sandon Stolle,AUS,1970-07-13,79,193,right,unknown,1991
francisco-roig/r177,Francisco Roig,ESP,1968-04-01,69,175,right,unknown,1987
brett-steven/s321,Brett Steven,NZL,1969-04-27,77,185,right,unknown,1988
markus-naewie/n117,Markus Naewie,GER,1970-01-07,80,191,right,unknown,1990
jacco-eltingh/e106,Jacco Eltingh,NED,1970-08-29,98,188,right,unknown,1988
gilbert-schaller/s315,Gilbert Schaller,AUT,1969-03-17,70,180,right,unknown,1987
jonathan-stark/s403,Jonathan Stark,USA,1971-04-03,84,188,right,unknown,1991
alex-corretja/c344,Alex Corretja,ESP,1974-04-11,73,180,right,one-handed,1991
todd-martin/m442,Todd Martin,USA,1970-07-08,91,198,right,two-handed,1990
karsten-braasch/b305,Karsten Braasch,GER,1967-07-14,73,180,left,unknown,1987
martin-damm/d214,Martin Damm,CZE,1972-08-01,88,188,right,unknown,1990
marc-kevin-goellner/g252,Marc-Kevin Goellner,GER,1970-09-22,81,196,right,unknown,1991
alberto-berasategui/b428,Alberto Berasategui,ESP,1973-06-28,66,173,right,one-handed,1991
greg-rusedski/r237,Greg Rusedski,GBR,1973-09-06,91,193,left,unknown,1991
younes-el-aynaoui/e121,Younes El Aynaoui,MAR,1971-09-12,86,193,right,two-handed,1990
jordi-burillo/b429,Jordi Burillo,ESP,1972-12-07,85,188,right,unknown,1991
andrea-gaudenzi/g254,Andrea Gaudenzi,ITA,1973-07-30,84,183,right,unknown,1990
jamie-morgan/m408,Jamie Morgan,AUS,1971-06-08,80,185,right,unknown,1990
patrick-rafter/r255,Patrick Rafter,AUS,1972-12-28,86,185,right,one-handed,1991
slava-dosedel/d198,Slava Dosedel,CZE,1970-08-14,79,183,right,unknown,1989
chuck-adams/a199,Chuck Adams,USA,1971-04-23,81,185,right,unknown,1990
stephane-simian/s454,Stephane Simian,FRA,1967-06-08,84,193,left,unknown,1991
david-prinosil/p273,David Prinosil,GER,1973-03-09,82,185,right,unknown,1991
byron-black/b397,Byron Black,ZIM,1969-10-06,70,175,right,unknown,1991
grant-stafford/s406,Grant Stafford,RSA,1971-05-27,95,15,right,two-handed,1990
david-rikl/r203,David Rikl,CZE,1971-02-27,68,178,left,unknown,1989
jonas-bjorkman/b446,Jonas Bjorkman,SWE,1972-03-23,83,183,right,two-handed,1991
fernando-meligeni/m443,Fernando Meligeni,BRA,1971-04-12,64,180,left,unknown,1990
yevgeny-kafelnikov/k267,Yevgeny Kafelnikov,RUS,1974-02-18,84,191,right,two-handed,1992
jared-palmer/p233,Jared Palmer,USA,1971-07-02,84,191,right,unknown,1991
daniel-vacek/v141,Daniel Vacek,CZE,1971-04-01,81,191,right,unknown,1990
albert-costa/c378,Albert Costa,ESP,1975-06-25,78,180,right,one-handed,1993
karol-kucera/k237,Karol Kucera,SVK,1974-03-04,88,185,right,two-handed,1992
lionel-roux/r280,Lionel Roux,FRA,1973-04-12,79,185,right,unknown,1991
hendrik-dreekmann/d249,Hendrik Dreekmann,GER,1975-01-29,82,188,right,unknown,1991
vincent-spadea/s544,Vincent Spadea,USA,1974-07-19,77,183,right,two-handed,1993
oscar-martinez/m513,Oscar Martinez,ESP,1974-03-09,80,185,right,unknown,1992
christian-ruud/r219,Christian Ruud,NOR,1972-08-24,85,185,right,unknown,1991
karim-alami/a203,Karim Alami,MAR,1973-05-24,85,185,right,unknown,1990
joern-renzenbrink/r273,Joern Renzenbrink,GER,1972-07-17,82,196,right,unknown,1991
jan-apell/a176,Jan Apell,SWE,1969-11-04,73,183,left,unknown,1988
marcelo-rios/r286,Marcelo Rios,CHI,1975-12-26,73,175,left,two-handed,1994
bohdan-ulihrach/u032,Bohdan Ulihrach,CZE,1975-02-23,81,188,right,unknown,1993
mark-philippoussis/p338,Mark Philippoussis,AUS,1976-11-07,103,196,right,one-handed,1994
jiri-novak/n254,Jiri Novak,CZE,1975-03-22,86,191,right,two-handed,1993
martin-sinner/s367,Martin Sinner,GER,1968-02-07,72,180,right,unknown,1988
adrian-voinea/v166,Adrian Voinea,ROU,1974-08-06,73,185,right,one-handed,1993
carlos-moya/m605,Carlos Moya,ESP,1976-08-27,NaN,NaN,right,two-handed,1995
hernan-gumy/g247,Hernan Gumy,ARG,1972-03-05,91,188,right,unknown,1991
filip-dewulf/d228,Filip Dewulf,BEL,1972-03-15,80,191,right,unknown,1990
sjeng-schalken/s572,Sjeng Schalken,NED,1976-09-08,82,193,right,one-handed,1994
scott-draper/d270,Scott Draper,AUS,1974-06-05,78,175,left,one-handed,1993
jerome-golmard/g319,Jerome Golmard,FRA,1973-09-09,77,188,left,unknown,1993
nuno-marques/m197,Nuno Marques,POR,1970-04-09,81,191,left,unknown,NaN
kris-goossens/g285,Kris Goossens,BEL,1974-02-20,68,180,right,unknown,1993
felix-mantilla/m535,Felix Mantilla,ESP,1974-09-23,78,180,right,one-handed,1993
michael-tebbutt/t195,Michael Tebbutt,AUS,1970-12-22,82,191,left,unknown,1993
tim-henman/h336,Tim Henman,GBR,1974-09-06,77,185,right,one-handed,1993
jan-kroslak/k296,Jan Kroslak,SVK,1974-10-17,77,188,right,unknown,1993
frederik-fetterlein/f206,Frederik Fetterlein,DEN,1970-07-11,78,191,right,unknown,NaN
alex-o'brien/o099,Alex O'Brien,USA,1970-03-07,88,185,right,unknown,1992
chris-woodruff/w212,Chris Woodruff,USA,1973-01-02,82,188,right,unknown,1993
mikael-tillstrom/t166,Mikael Tillstrom,SWE,1972-03-05,73,185,right,unknown,1991
thomas-johansson/j129,Thomas Johansson,SWE,1975-03-24,80,180,right,two-handed,1994
roberto-carretero/c383,Roberto Carretero,ESP,1975-08-30,91,178,right,unknown,1993
alex-radulescu/r284,Alex Radulescu,GER,1974-12-07,78,185,right,unknown,1992
dominik-hrbaty/h377,Dominik Hrbaty,SVK,1978-01-04,79,183,right,two-handed,1996
hicham-arazi/a226,Hicham Arazi,MAR,1973-10-19,65,175,left,unknown,1993
juan-albert-viloca-puig/v161,Juan Albert Viloca-Puig,ESP,1973-01-17,76,185,right,one-handed,1992
magnus-norman/n250,Magnus Norman,SWE,1976-05-30,89,188,right,two-handed,1995
patrik-fredriksson/f278,Patrik Fredriksson,SWE,1973-05-16,76,185,right,unknown,1995
gustavo-kuerten/k293,Gustavo Kuerten,BRA,1976-09-10,83,191,right,one-handed,1995
michael-joyce/j100,Michael Joyce,USA,1973-02-01,75,180,right,unknown,1991
johan-van-herck/v167,Johan Van Herck,BEL,1974-05-24,76,185,right,unknown,1993
galo-blanco/b518,Galo Blanco,ESP,1976-10-08,72,170,right,one-handed,1995
nicolas-kiefer/k316,Nicolas Kiefer,GER,1977-07-05,80,183,right,two-handed,1995
albert-portas/p305,Albert Portas,ESP,1973-11-15,78,188,right,two-handed,1994
julian-alonso/a272,Julian Alonso,ESP,1977-08-02,82,185,right,unknown,1996
tommy-haas/h355,Tommy Haas,GER,1978-04-03,84,188,right,one-handed,1996
nicolas-lapentti/l290,Nicolas Lapentti,ECU,1976-08-13,86,188,right,two-handed,1995
sargis-sargsian/s545,Sargis Sargsian,ARM,1973-06-03,75,180,right,unknown,1995
dinu-pescariu/p254,Dinu Pescariu,ROU,1974-04-12,76,185,right,unknown,NaN
tomas-nydahl/n099,Tomas Nydahl,SWE,1968-03-21,77,185,right,unknown,1987
oliver-gross/g297,Oliver Gross,GER,1973-06-17,77,185,right,unknown,1993
juan-antonio-marin/m578,Juan Antonio Marin,CRC,1975-03-02,73,175,right,two-handed,1996
marcello-craca/c439,Marcello Craca,GER,1974-10-27,76,180,right,unknown,1995
nicolas-escude/e140,Nicolas Escude,FRA,1976-04-03,70,185,right,unknown,1995
arnaud-clement/c487,Arnaud Clement,FRA,1977-12-17,74,173,right,two-handed,1996
davide-sanguinetti/s480,Davide Sanguinetti,ITA,1972-08-25,79,188,right,two-handed,1993
wayne-black/b499,Wayne Black,ZIM,1973-11-14,70,170,right,unknown,1994
jan-michael-gambill/g352,Jan-Michael Gambill,USA,1977-06-03,88,191,right,unknown,1996
mariano-puerta/p372,Mariano Puerta,ARG,1978-09-19,78,180,left,one-handed,1998
marat-safin/s741,Marat Safin,RUS,1980-01-27,88,193,right,two-handed,1997
fernando-vicente/v195,Fernando Vicente,ESP,1977-03-08,76,180,right,one-handed,1996
ramon-delgado/d316,Ramon Delgado,PAR,1976-11-14,80,183,right,two-handed,1995
andrew-ilie/i052,Andrew Ilie,AUS,1976-04-18,78,180,right,unknown,1994
franco-squillari/s568,Franco Squillari,ARG,1975-08-22,80,183,left,one-handed,1994
mariano-zabaleta/z073,Mariano Zabaleta,ARG,1978-02-28,77,183,right,one-handed,1996
andrei-pavel/p280,Andrei Pavel,ROU,1974-01-27,90,183,right,unknown,1995
sebastien-lareau/l226,Sebastien Lareau,CAN,1973-04-27,79,183,right,two-handed,1991
justin-gimelstob/g354,Justin Gimelstob,USA,1977-01-26,88,196,right,one-handed,1996
arnaud-di-pasquale/d357,Arnaud Di Pasquale,FRA,1979-02-11,80,185,right,one-handed,1998
sebastien-grosjean/g379,Sebastien Grosjean,FRA,1978-05-29,73,175,right,two-handed,1996
leander-paes/p269,Leander Paes,IND,1973-06-17,78,178,right,one-handed,1991
stefan-koubek/k310,Stefan Koubek,AUT,1977-01-02,68,175,left,unknown,1994
guillermo-canas/c433,Guillermo Canas,ARG,1977-11-25,86,185,right,two-handed,1995
martin-rodriguez/r251,Martin Rodriguez,ARG,1969-12-18,75,178,right,unknown,1991
john-van-lottum/v201,John van Lottum,NED,1976-04-10,72,185,right,unknown,1994
lleyton-hewitt/h432,Lleyton Hewitt,AUS,1981-02-24,77,178,right,two-handed,1998
juan-carlos-ferrero/f316,Juan Carlos Ferrero,ESP,1980-02-12,73,183,right,two-handed,1998
rainer-schuettler/s636,Rainer Schuettler,GER,1976-04-25,74,180,right,two-handed,1995
alberto-martin/m590,Alberto Martin,ESP,1978-08-20,73,175,right,one-handed,1995
roger-federer/f324,Roger Federer,SUI,1981-08-08,85,185,right,one-handed,1998
gaston-gaudio/g374,Gaston Gaudio,ARG,1978-12-09,70,175,right,one-handed,1996
max-mirnyi/m595,Max Mirnyi,BLR,1977-07-06,93,196,right,one-handed,1994
markus-hipfl/h364,Markus Hipfl,AUT,1978-04-26,74,178,right,unknown,1995
ivan-ljubicic/l360,Ivan Ljubicic,CRO,1979-03-19,92,193,right,one-handed,1998
george-bastl/b503,George Bastl,SUI,1975-04-01,85,183,right,unknown,1998
antony-dupuis/d272,Antony Dupuis,FRA,1973-02-24,87,185,right,unknown,1992
daniel-nestor/n210,Daniel Nestor,CAN,1972-09-04,86,191,left,two-handed,1991
laurence-tieleman/t168,Laurence Tieleman,ITA,1972-11-14,75,180,right,unknown,1993
paul-goldstein/g333,Paul Goldstein,USA,1976-08-04,72,178,right,unknown,1998
jens-knippschild/k260,Jens Knippschild,GER,1975-02-15,82,191,right,unknown,1992
jacobo-diaz/d291,Jacobo Diaz,ESP,1976-07-11,73,173,right,unknown,1995
cecil-mamiit/m614,Cecil Mamiit,PHI,1976-06-27,70,173,right,unknown,1996
nicolas-massu/m655,Nicolas Massu,CHI,1979-10-10,80,183,right,two-handed,1997
andreas-vinciguerra/v250,Andreas Vinciguerra,SWE,1981-02-19,73,180,left,unknown,1998
paradorn-srichaphan/s675,Paradorn Srichaphan,THA,1979-06-14,82,185,right,one-handed,1997
vladimir-voltchkov/v211,Vladimir Voltchkov,BLR,1978-04-07,76,180,right,unknown,1995
alex-calatrava/c361,Alex Calatrava,ESP,1973-06-14,82,191,right,one-handed,1993
harel-levy/l336,Harel Levy,ISR,1978-08-05,82,185,right,unknown,1995
agustin-calleri/c478,Agustin Calleri,ARG,1976-09-14,86,183,right,one-handed,1995
juan-ignacio-chela/c514,Juan Ignacio Chela,ARG,1979-08-30,75,191,right,two-handed,1998
olivier-rochus/r397,Olivier Rochus,BEL,1981-01-18,65,168,right,one-handed,1999
julien-boutter/b599,Julien Boutter,FRA,1974-04-05,86,191,right,unknown,1996
juan-balcells/b487,Juan Balcells,ESP,1975-06-20,93,191,right,unknown,1996
markus-hantschk/h366,Markus Hantschk,GER,1977-11-19,85,188,right,unknown,1996
christophe-rochus/r336,Christophe Rochus,BEL,1978-12-15,68,170,right,two-handed,1996
jiri-vanek/v207,Jiri Vanek,CZE,1978-04-24,86,185,right,two-handed,1995
wayne-arthurs/a202,Wayne Arthurs,AUS,1971-03-18,91,185,left,one-handed,1990
alexander-popp/p395,Alexander Popp,GER,1976-11-04,90,198,right,two-handed,1997
guillermo-coria/c524,Guillermo Coria,ARG,1982-01-13,69,175,right,two-handed,2000
david-sanchez/s677,David Sanchez,ESP,1978-04-20,76,183,right,unknown,1997
hyung-taik-lee/l311,Hyung-Taik Lee,KOR,1976-01-03,82,180,right,one-handed,1995
german-puentes/p272,German Puentes,ESP,1972-12-18,70,173,right,unknown,1995
michel-kratochvil/k319,Michel Kratochvil,SUI,1979-04-07,77,185,right,unknown,1997
raemon-sluiter/s693,Raemon Sluiter,NED,1978-04-13,80,185,right,two-handed,1996
michal-tabara/t243,Michal Tabara,CZE,1979-08-11,73,175,right,two-handed,1997
daniel-elsner/e155,Daniel Elsner,GER,1979-01-04,80,183,right,unknown,1997
andy-roddick/r485,Andy Roddick,USA,1982-08-30,88,188,right,two-handed,2000
tommy-robredo/r419,Tommy Robredo,ESP,1982-05-01,75,180,right,one-handed,1998
xavier-malisse/m680,Xavier Malisse,BEL,1980-07-19,83,185,right,two-handed,1998
david-nalbandian/n301,David Nalbandian,ARG,1982-01-01,79,180,right,two-handed,2000
mikhail-youzhny/y061,Mikhail Youzhny,RUS,1982-06-25,73,183,right,one-handed,1999
jarkko-nieminen/n289,Jarkko Nieminen,FIN,1981-07-23,78,185,left,two-handed,2000
albert-montanes/m824,Albert Montanes,ESP,1980-11-26,70,175,right,one-handed,1999
kristian-pless/p491,Kristian Pless,DEN,1981-02-09,84,188,right,unknown,1999
james-blake/b676,James Blake,USA,1979-12-28,83,185,right,one-handed,1999
jan-vacek/v220,Jan Vacek,CZE,1976-05-10,92,198,right,unknown,1999
nikolay-davydenko/d402,Nikolay Davydenko,RUS,1981-06-02,72,178,right,two-handed,1999
andrei-stoliarov/s688,Andrei Stoliarov,RUS,1977-01-09,72,178,right,unknown,1995
lars-burgsmuller/b484,Lars Burgsmuller,GER,1975-12-06,73,183,right,two-handed,1993
andre-sa/s604,Andre Sa,BRA,1977-05-06,79,185,right,two-handed,1996
jose-acasuso/a389,Jose Acasuso,ARG,1982-10-20,86,191,right,one-handed,1999
michael-russell/r368,Michael Russell,USA,1978-05-01,70,173,right,two-handed,1998
michael-llodra/l428,Michael Llodra,FRA,1980-05-18,80,191,left,one-handed,1999
attila-savolt/s608,Attila Savolt,HUN,1976-02-05,78,183,right,unknown,1995
federico-luzzi/l395,Federico Luzzi,ITA,1980-01-03,80,188,right,unknown,1999
flavio-saretta/s876,Flavio Saretta,BRA,1980-06-28,70,183,right,unknown,1998
fernando-gonzalez/g415,Fernando Gonzalez,CHI,1980-07-29,82,183,right,one-handed,1999
paul-henri-mathieu/m850,Paul-Henri Mathieu,FRA,1982-01-12,74,185,right,two-handed,1999
taylor-dent/d362,Taylor Dent,USA,1981-04-24,88,188,right,one-handed,1998
david-ferrer/f401,David Ferrer,ESP,1982-04-02,73,175,right,two-handed,2000
feliciano-lopez/l397,Feliciano Lopez,ESP,1981-09-20,88,188,left,one-handed,1997
radek-stepanek/s694,Radek Stepanek,CZE,1978-11-27,76,185,right,two-handed,1996
mardy-fish/f339,Mardy Fish,USA,1981-12-09,82,188,right,two-handed,2000
luis-horna/h390,Luis Horna,PER,1980-09-14,82,180,right,one-handed,1998
martin-verkerk/v232,Martin Verkerk,NED,1978-10-31,90,196,right,unknown,1996
mario-ancic/a385,Mario Ancic,CRO,1984-03-30,82,196,right,two-handed,2001
jurgen-melzer/m762,Jurgen Melzer,AUT,1981-05-22,80,183,left,two-handed,1999
irakli-labadze/l439,Irakli Labadze,GEO,1981-06-09,85,188,left,two-handed,1998
olivier-mutis/m640,Olivier Mutis,FRA,1978-02-02,72,175,right,two-handed,1996
dick-norman/n233,Dick Norman,BEL,1971-03-01,95,203,left,unknown,1991
jeff-morrison/m805,Jeff Morrison,USA,1979-02-04,73,185,right,unknown,2000
robby-ginepri/g569,Robby Ginepri,USA,1982-10-07,79,183,right,two-handed,2001
filippo-volandri/v254,Filippo Volandri,ITA,1981-09-05,73,183,right,one-handed,1997
rafael-nadal/n409,Rafael Nadal,ESP,1986-06-03,85,185,left,two-handed,2001
robin-soderling/sa49,Robin Soderling,SWE,1984-08-14,87,193,right,two-handed,2001
karol-beck/b804,Karol Beck,SVK,1982-04-03,74,180,right,two-handed,2001
gregory-carraz/c400,Gregory Carraz,FRA,1975-04-09,78,191,right,one-handed,1993
victor-hanescu/h528,Victor Hanescu,ROU,1981-07-21,88,198,right,one-handed,2000
ivo-karlovic/k336,Ivo Karlovic,CRO,1979-02-28,104,211,right,one-handed,2000
brian-vahaly/v303,Brian Vahaly,USA,1979-07-19,82,183,right,unknown,2001
ruben-ramirez-hidalgo/r383,Ruben Ramirez Hidalgo,ESP,1978-01-06,74,183,right,two-handed,1998
wesley-moodie/m759,Wesley Moodie,RSA,1979-02-14,91,196,right,one-handed,2000
cyril-saulnier/s681,Cyril Saulnier,FRA,1975-08-16,85,183,right,unknown,1996
tomas-behrend/b545,Tomas Behrend,GER,1974-12-12,89,193,right,unknown,1994
igor-andreev/a511,Igor Andreev,RUS,1983-07-14,80,185,right,two-handed,2002
oscar-hernandez/h472,Oscar Hernandez,ESP,1978-04-10,70,180,right,one-handed,1998
dennis-van-scheppingen/s559,Dennis Van Scheppingen,NED,1975-07-05,80,185,right,unknown,1993
richard-gasquet/g628,Richard Gasquet,FRA,1986-06-18,79,183,right,one-handed,2002
nicolas-mahut/m873,Nicolas Mahut,FRA,1982-01-21,82,191,right,one-handed,2000
joachim-johansson/j194,Joachim Johansson,SWE,1982-07-01,90,198,right,one-handed,2000
jean-rene-lisnard/l386,Jean-Rene Lisnard,MON,1979-09-25,68,173,right,one-handed,1997
dmitry-tursunov/t315,Dmitry Tursunov,RUS,1982-12-12,82,185,right,two-handed,2000
florian-mayer/mb02,Florian Mayer,GER,1983-10-05,82,191,right,two-handed,2001
fernando-verdasco/v306,Fernando Verdasco,ESP,1983-11-15,90,188,left,two-handed,2001
tomas-berdych/ba47,Tomas Berdych,CZE,1985-09-17,91,196,right,two-handed,2002
julien-benneteau/b747,Julien Benneteau,FRA,1981-12-20,79,185,right,two-handed,2000
gilles-muller/ma30,Gilles Muller,LUX,1983-05-09,89,193,left,two-handed,2001
ricardo-mello/m708,Ricardo Mello,BRA,1980-12-21,73,175,left,two-handed,1999
juan-monaco/ma21,Juan Monaco,ARG,1984-03-29,81,185,right,two-handed,2002
potito-starace/s843,Potito Starace,ITA,1981-07-14,84,188,right,two-handed,2001
jan-hernych/h442,Jan Hernych,CZE,1979-07-07,83,188,right,two-handed,1998
yen-hsun-lu/l575,Yen-Hsun Lu,TPE,1983-08-14,74,180,right,two-handed,2001
philipp-kohlschreiber/k435,Philipp Kohlschreiber,GER,1983-10-16,70,178,right,one-handed,2001
peter-wessels/w254,Peter Wessels,NED,1978-05-07,85,196,right,one-handed,1996
jerome-haehnel/h435,Jerome Haehnel,FRA,1980-07-14,78,185,right,unknown,1998
kevin-kim/k358,Kevin Kim,USA,1978-07-26,75,180,right,one-handed,1997
gael-monfils/mc65,Gael Monfils,FRA,1986-09-01,85,193,right,two-handed,2004
florent-serra/s963,Florent Serra,FRA,1981-02-28,78,180,right,two-handed,2000
stan-wawrinka/w367,Stan Wawrinka,SUI,1985-03-28,81,183,right,one-handed,2002
marcos-baghdatis/b837,Marcos Baghdatis,CYP,1985-06-17,82,178,right,two-handed,2003
tomas-zib/z074,Tomas Zib,CZE,1976-01-31,76,178,right,two-handed,1995
robin-vik/v247,Robin Vik,CZE,1980-02-05,76,183,right,unknown,1998
andy-murray/mc10,Andy Murray,GBR,1987-05-15,82,191,right,two-handed,2005
andreas-seppi/sa93,Andreas Seppi,ITA,1984-02-21,78,191,right,two-handed,2002
ivo-minar/ma41,Ivo Minar,CZE,1984-05-21,85,183,right,unknown,2002
novak-djokovic/d643,Novak Djokovic,SRB,1987-05-22,77,188,right,two-handed,2003
carlos-berlocq/b884,Carlos Berlocq,ARG,1983-02-03,81,183,right,one-handed,2001
daniele-bracciali/b570,Daniele Bracciali,ITA,1978-01-10,82,178,right,one-handed,1995
boris-pashanski/p642,Boris Pashanski,SRB,1982-11-03,74,180,right,unknown,2001
bjorn-phau/p436,Bjorn Phau,GER,1979-10-04,70,175,right,one-handed,1999
guillermo-garcia-lopez/g476,Guillermo Garcia-Lopez,ESP,1983-06-04,80,185,right,one-handed,2002
bobby-reynolds/r483,Bobby Reynolds,USA,1982-07-17,77,183,right,two-handed,2003
kristof-vliegen/v309,Kristof Vliegen,BEL,1982-06-22,75,193,right,two-handed,2001
marcos-daniel/d339,Marcos Daniel,BRA,1978-07-04,79,180,right,one-handed,1997
thierry-ascione/a356,Thierry Ascione,FRA,1981-01-17,89,188,right,one-handed,2000
lukas-dlouhy/d487,Lukas Dlouhy,CZE,1983-04-09,88,185,right,unknown,2001
jimmy-wang/w373,Jimmy Wang,TPE,1985-02-08,73,180,right,two-handed,2001
nicolas-almagro/a479,Nicolas Almagro,ESP,1985-08-21,86,183,right,one-handed,2003
gilles-simon/sd32,Gilles Simon,FRA,1984-12-27,70,183,right,two-handed,2002
marc-gicquel/g436,Marc Gicquel,FRA,1977-03-30,75,188,right,unknown,1999
benjamin-becker/b896,Benjamin Becker,GER,1981-06-16,72,178,right,two-handed,2005
janko-tipsarevic/t742,Janko Tipsarevic,SRB,1984-06-22,80,180,right,two-handed,2002
sergio-roitman/r388,Sergio Roitman,ARG,1979-05-16,79,185,right,unknown,1996
jan-hajek/h571,Jan Hajek,CZE,1983-08-07,80,180,right,two-handed,2000
martin-vassallo-arguello/v258,Martin Vassallo Arguello,ARG,1980-02-10,80,183,right,one-handed,1999
simon-greul/g511,Simon Greul,GER,1981-04-13,80,185,right,unknown,2000
robert-kendrick/k448,Robert Kendrick,USA,1979-11-15,86,191,right,two-handed,2000
frank-dancevic/d499,Frank Dancevic,CAN,1984-09-26,79,185,right,one-handed,2003
alessio-di-mauro/d330,Alessio Di Mauro,ITA,1977-08-09,71,185,left,unknown,1998
juan-martin-del-potro/d683,Juan Martin del Potro,ARG,1988-09-23,97,198,right,two-handed,2005
amer-delic/d438,Amer Delic,BIH,1982-06-30,93,196,right,one-handed,2003
igor-kunitsyn/k403,Igor Kunitsyn,RUS,1981-09-30,75,180,right,unknown,1999
nicolas-devilder/d469,Nicolas Devilder,FRA,1980-03-25,65,173,left,two-handed,2000
olivier-patience/p488,Olivier Patience,FRA,1980-03-25,75,180,right,unknown,1998
jo-wilfried-tsonga/t786,Jo-Wilfried Tsonga,FRA,1985-04-17,93,188,right,two-handed,2004
michael-berrer/b678,Michael Berrer,GER,1980-07-01,100,193,left,one-handed,1999
ernests-gulbis/g858,Ernests Gulbis,LAT,1988-08-30,85,191,right,two-handed,2004
sam-querrey/q927,Sam Querrey,USA,1987-10-07,95,198,right,two-handed,2006
dudi-sela/sc56,Dudi Sela,ISR,1985-04-04,65,175,right,one-handed,2002
werner-eschauer/e141,Werner Eschauer,AUT,1974-04-26,76,188,right,two-handed,1998
simone-bolelli/ba98,Simone Bolelli,ITA,1985-10-08,83,183,right,one-handed,2003
marin-cilic/c977,Marin Cilic,CRO,1988-09-28,89,198,right,two-handed,2005
peter-luczak/l515,Peter Luczak,AUS,1979-08-31,77,183,right,two-handed,2000
evgeny-korolev/k760,Evgeny Korolev,KAZ,1988-02-14,82,185,right,unknown,2005
alejandro-falla/f444,Alejandro Falla,COL,1983-11-14,77,185,left,two-handed,2000
steve-darcis/d632,Steve Darcis,BEL,1984-03-13,78,175,right,one-handed,2003
santiago-ventura/v251,Santiago Ventura,ESP,1980-01-05,78,183,right,two-handed,2001
mischa-zverev/z168,Mischa Zverev,GER,1987-08-22,88,191,left,two-handed,2005
diego-hartfield/h502,Diego Hartfield,ARG,1981-01-31,80,185,right,unknown,NaN
chris-guccione/g621,Chris Guccione,AUS,1985-07-30,92,201,left,one-handed,2003
fabio-fognini/f510,Fabio Fognini,ITA,1987-05-24,79,178,right,two-handed,2004
edouard-roger-vasselin/r613,Edouard Roger-Vasselin,FRA,1983-11-28,78,185,right,two-handed,2002
donald-young/y124,Donald Young,USA,1989-07-23,79,183,left,two-handed,2004
marcel-granollers/g710,Marcel Granollers,ESP,1986-04-12,80,191,right,two-handed,2003
viktor-troicki/t840,Viktor Troicki,SRB,1986-02-10,86,193,right,two-handed,2006
eduardo-schwank/se66,Eduardo Schwank,ARG,1986-04-23,83,183,right,two-handed,2005
kei-nishikori/n552,Kei Nishikori,JPN,1989-12-29,73,178,right,two-handed,2007
teymuraz-gabashvili/g681,Teymuraz Gabashvili,RUS,1985-05-23,83,185,right,two-handed,2001
philipp-petzschner/p624,Philipp Petzschner,GER,1984-03-24,77,185,right,one-handed,2001
ivan-navarro/n309,Ivan Navarro,ESP,1981-10-19,86,183,right,one-handed,2001
jeremy-chardy/ca12,Jeremy Chardy,FRA,1987-02-12,75,188,right,two-handed,2005
diego-junqueira/j214,Diego Junqueira,ARG,1980-12-28,72,178,left,unknown,2001
denis-gremelmayr/g512,Denis Gremelmayr,GER,1981-08-16,73,183,left,two-handed,2000
thomaz-bellucci/bd20,Thomaz Bellucci,BRA,1987-12-30,82,188,left,two-handed,2005
andrey-golubev/g806,Andrey Golubev,KAZ,1987-07-22,77,180,right,one-handed,2005
daniel-gimeno-traver/g676,Daniel Gimeno-Traver,ESP,1985-08-07,80,183,right,two-handed,2004
roko-karanusic/k371,Roko Karanusic,CRO,1982-09-05,75,183,right,two-handed,2000
sergiy-stakhovsky/sc77,Sergiy Stakhovsky,UKR,1986-01-06,80,193,right,one-handed,2003
john-isner/i186,John Isner,USA,1985-04-26,108,208,right,two-handed,2007
andreas-beck/ba86,Andreas Beck,GER,1986-02-05,89,191,left,two-handed,2003
horacio-zeballos/z184,Horacio Zeballos,ARG,1985-04-27,84,188,left,one-handed,2003
pablo-cuevas/c882,Pablo Cuevas,URU,1986-01-01,78,180,right,one-handed,2004
marco-chiudinelli/c582,Marco Chiudinelli,SUI,1981-09-10,85,185,right,two-handed,2000
maximo-gonzalez/g585,Maximo Gonzalez,ARG,1983-07-20,75,173,right,two-handed,2002
fred-gil/g717,Fred Gil,POR,1985-03-24,78,173,right,one-handed,2003
daniel-koellerer/k551,Daniel Koellerer,AUT,1983-08-17,80,180,right,unknown,2002
leonardo-mayer/md56,Leonardo Mayer,ARG,1987-05-15,80,191,right,one-handed,2003
rajeev-ram/r548,Rajeev Ram,USA,1984-03-18,84,193,right,one-handed,2004
lukas-lacko/l797,Lukas Lacko,SVK,1987-11-03,87,188,right,two-handed,2005
paolo-lorenzi/l503,Paolo Lorenzi,ITA,1981-12-15,78,183,right,two-handed,2003
daniel-brands/bc72,Daniel Brands,GER,1987-07-17,92,196,right,one-handed,2005
thiemo-de-bakker/d776,Thiemo de Bakker,NED,1988-09-19,83,193,right,two-handed,NaN
denis-istomin/i165,Denis Istomin,UZB,1986-09-07,85,188,right,two-handed,2004
alexandr-dolgopolov/d801,Alexandr Dolgopolov,UKR,1988-11-07,71,180,right,two-handed,2006
mikhail-kukushkin/k926,Mikhail Kukushkin,KAZ,1987-12-26,72,183,right,two-handed,2006
kevin-anderson/a678,Kevin Anderson,RSA,1986-05-18,94,203,right,two-handed,2007
santiago-giraldo/g725,Santiago Giraldo,COL,1987-11-27,75,188,right,two-handed,2004
robin-haase/h756,Robin Haase,NED,1987-04-06,77,191,right,two-handed,2005
tobias-kamke/k839,Tobias Kamke,GER,1986-05-21,76,178,right,two-handed,2004
lukasz-kubot/k540,Lukasz Kubot,POL,1982-05-16,88,191,right,two-handed,2002
pablo-andujar/a596,Pablo Andujar,ESP,1986-01-23,80,180,right,two-handed,2003
pere-riba/r750,Pere Riba,ESP,1988-04-07,78,183,right,two-handed,2004
illya-marchenko/me89,Illya Marchenko,UKR,1987-09-08,82,185,right,two-handed,2006
adrian-mannarino/me82,Adrian Mannarino,FRA,1988-06-29,79,180,left,two-handed,2004
brian-dabul/d556,Brian Dabul,ARG,1984-02-24,70,170,left,unknown,2001
michal-przysiezny/p701,Michal Przysiezny,POL,1984-02-16,84,185,right,unknown,2001
ricardas-berankis/be90,Ricardas Berankis,LTU,1990-06-21,77,175,right,two-handed,2007
ivan-dodig/d646,Ivan Dodig,CRO,1985-01-02,81,183,right,two-handed,2004
marsel-ilhan/k771,Marsel Ilhan,TUR,1987-06-11,80,191,right,two-handed,2006
dustin-brown/ba65,Dustin Brown,GER,1984-12-08,78,196,right,two-handed,2002
rui-machado/ma49,Rui Machado,POR,1984-04-10,70,178,right,two-handed,2002
milos-raonic/r975,Milos Raonic,CAN,1990-12-27,98,196,right,two-handed,2008
alex-bogomolov-jr./b842,Alex Bogomolov Jr.,RUS,1983-04-23,75,178,right,two-handed,2002
bernard-tomic/ta46,Bernard Tomic,AUS,1992-10-21,91,196,right,two-handed,2008
albert-ramos-vinolas/r772,Albert Ramos-Vinolas,ESP,1988-01-17,76,188,left,two-handed,2007
lukas-rosol/r685,Lukas Rosol,CZE,1985-07-24,83,193,right,two-handed,2004
ryan-sweeting/sg87,Ryan Sweeting,USA,1987-07-14,83,196,right,two-handed,2007
flavio-cipolla/c723,Flavio Cipolla,ITA,1983-10-20,74,173,right,one-handed,2003
grigor-dimitrov/d875,Grigor Dimitrov,BUL,1991-05-16,81,191,right,one-handed,2008
ryan-harrison/h940,Ryan Harrison,USA,1992-05-07,84,185,right,two-handed,2007
cedrik-marcel-stebe/sk94,Cedrik-Marcel Stebe,GER,1990-10-09,70,180,left,two-handed,2010
somdev-devvarman/d616,Somdev Devvarman,IND,1985-02-13,73,180,right,two-handed,2008
matthew-ebden/e690,Matthew Ebden,AUS,1987-11-26,80,188,right,two-handed,2006
blaz-kavcic/k834,Blaz Kavcic,SLO,1987-03-05,78,188,right,two-handed,2005
matthias-bachinger/bc65,Matthias Bachinger,GER,1987-04-02,86,188,right,two-handed,2005
benoit-paire/pd31,Benoit Paire,FRA,1989-05-08,80,196,right,two-handed,2007
eric-prodon/p487,Eric Prodon,FRA,1981-06-27,76,180,right,one-handed,2000
jerzy-janowicz/j397,Jerzy Janowicz,POL,1990-11-13,94,203,right,two-handed,2007
martin-klizan/k966,Martin Klizan,SVK,1989-07-11,85,191,left,two-handed,2007
david-goffin/gb88,David Goffin,BEL,1990-12-07,70,180,right,two-handed,2009
marinko-matosevic/me05,Marinko Matosevic,AUS,1985-08-08,86,193,right,two-handed,2003
grega-zemlja/z189,Grega Zemlja,SLO,1986-09-29,81,183,right,two-handed,2004
go-soeda/sc47,Go Soeda,JPN,1984-09-05,73,178,right,two-handed,2003
brian-baker/ba23,Brian Baker,USA,1985-04-30,77,191,right,two-handed,2003
igor-sijsling/sf36,Igor Sijsling,NED,1987-08-18,85,191,right,one-handed,2006
andrey-kuznetsov/kb54,Andrey Kuznetsov,RUS,1991-02-22,71,185,right,two-handed,2008
tatsuma-ito/i230,Tatsuma Ito,JPN,1988-05-18,75,180,right,two-handed,2006
roberto-bautista-agut/bd06,Roberto Bautista Agut,ESP,1988-04-14,75,183,right,two-handed,2005
evgeny-donskoy/d864,Evgeny Donskoy,RUS,1990-05-09,75,185,right,two-handed,2007
aljaz-bedene/bh09,Aljaz Bedene,SLO,1989-07-18,73,183,right,two-handed,2008
jurgen-zopp/z254,Jurgen Zopp,EST,1988-03-29,88,191,right,two-handed,2008
guillaume-rufin/ra17,Guillaume Rufin,FRA,1990-05-26,82,188,right,two-handed,2008
guido-pella/pc11,Guido Pella,ARG,1990-05-17,79,183,left,two-handed,2007
adrian-ungur/u061,Adrian Ungur,ROU,1985-01-22,73,178,right,one-handed,2003
vasek-pospisil/pd07,Vasek Pospisil,CAN,1990-06-23,88,193,right,two-handed,2007
joao-sousa/sh90,Joao Sousa,POR,1989-03-30,74,185,right,two-handed,2008
federico-delbonis/d874,Federico Delbonis,ARG,1990-10-05,90,193,left,two-handed,2007
pablo-carreno-busta/cd85,Pablo Carreno Busta,ESP,1991-07-12,78,188,right,two-handed,2009
kenny-de-schepper/d750,Kenny De Schepper,FRA,1987-05-29,100,203,left,one-handed,2010
jiri-vesely/v708,Jiri Vesely,CZE,1993-07-10,94,198,left,two-handed,2009
julian-reister/r782,Julian Reister,GER,1986-04-02,87,188,right,one-handed,2005
tim-smyczek/sf62,Tim Smyczek,USA,1987-12-30,73,175,right,two-handed,2006
alejandro-gonzalez/g892,Alejandro Gonzalez,COL,1989-02-07,83,191,right,two-handed,2006
aleksandr-nedovyesov/n503,Aleksandr Nedovyesov,KAZ,1987-02-15,81,193,right,two-handed,2005
bradley-klahn/ka98,Bradley Klahn,USA,1990-08-20,75,183,left,two-handed,2012
steve-johnson/j386,Steve Johnson,USA,1989-12-24,86,188,right,two-handed,2012
dominic-thiem/tb69,Dominic Thiem,AUT,1993-09-03,79,185,right,one-handed,2011
jack-sock/sm25,Jack Sock,USA,1992-09-24,88,191,right,two-handed,2011
nick-kyrgios/ke17,Nick Kyrgios,AUS,1995-04-27,85,193,right,two-handed,2013
jan-lennard-struff/sl28,Jan-Lennard Struff,GER,1990-04-25,92,193,right,two-handed,2009
diego-schwartzman/sm37,Diego Schwartzman,ARG,1992-08-16,64,170,right,two-handed,2010
dusan-lajovic/l987,Dusan Lajovic,SRB,1990-06-30,83,183,right,one-handed,2007
malek-jaziri/j267,Malek Jaziri,TUN,1984-01-20,83,185,right,two-handed,2003
victor-estrella-burgos/e224,Victor Estrella Burgos,DOM,1980-08-02,77,170,right,one-handed,2002
peter-gojowczyk/g967,Peter Gojowczyk,GER,1989-07-15,83,188,right,two-handed,2006
blaz-rola/ra51,Blaz Rola,SLO,1990-10-05,85,193,left,two-handed,2013
sam-groth/g940,Sam Groth,AUS,1987-10-19,100,193,right,one-handed,2006
andreas-haider-maurer/h804,Andreas Haider-Maurer,AUT,1987-03-22,89,191,right,two-handed,2005
joao-souza/sg64,Joao Souza,BRA,1988-05-27,92,193,right,two-handed,2006
filip-krajinovic/kb05,Filip Krajinovic,SRB,1992-02-27,75,185,right,two-handed,2008
borna-coric/cg80,Borna Coric,CRO,1996-11-14,85,188,right,two-handed,2013
hyeon-chung/ch27,Hyeon Chung,KOR,1996-05-19,89,188,right,two-handed,2014
denis-kudla/kb09,Denis Kudla,USA,1992-08-17,79,180,right,two-handed,2010
inigo-cervantes/ca33,Inigo Cervantes,ESP,1989-11-30,78,183,right,two-handed,2009
daniel-munoz-de-la-nava/m915,Daniel Munoz de la Nava,ESP,1982-01-29,75,175,left,two-handed,1999
lucas-pouille/pf39,Lucas Pouille,FRA,1994-02-23,84,185,right,two-handed,2012
thanasi-kokkinakis/kd46,Thanasi Kokkinakis,AUS,1996-04-10,84,193,right,two-handed,2013
damir-dzumhur/d923,Damir Dzumhur,BIH,1992-05-20,68,175,right,two-handed,2011
alexander-zverev/z355,Alexander Zverev,GER,1997-04-20,90,198,right,two-handed,2013
marco-cecchinato/cf01,Marco Cecchinato,ITA,1992-09-30,78,185,right,one-handed,2010
john-millman/mh30,John Millman,AUS,1989-06-14,79,183,right,two-handed,2006
yuki-bhambri/bf55,Yuki Bhambri,IND,1992-07-04,75,185,right,two-handed,2008
taro-daniel/da81,Taro Daniel,JPN,1993-01-27,80,191,right,two-handed,2010
kyle-edmund/e831,Kyle Edmund,GBR,1995-01-08,83,188,right,two-handed,2012
karen-khachanov/ke29,Karen Khachanov,RUS,1996-05-21,87,198,right,two-handed,2013
stephane-robert/r612,Stephane Robert,FRA,1980-05-17,77,185,right,two-handed,2001
facundo-bagnis/bf23,Facundo Bagnis,ARG,1990-02-27,82,183,left,two-handed,2008
daniel-evans/e687,Daniel Evans,GBR,1990-05-23,75,175,right,one-handed,2006
gerald-melzer/mi43,Gerald Melzer,AUT,1990-07-13,80,188,left,two-handed,2007
adam-pavlasek/pg32,Adam Pavlasek,CZE,1994-10-08,76,185,right,two-handed,2012
taylor-fritz/fb98,Taylor Fritz,USA,1997-10-28,86,193,right,two-handed,2015
pierre-hugues-herbert/h996,Pierre-Hugues Herbert,FRA,1991-03-18,75,188,right,two-handed,2010
jordan-thompson/tc61,Jordan Thompson,AUS,1994-04-20,82,183,right,two-handed,2013
gastao-elias/e698,Gastao Elias,POR,1990-11-24,76,180,right,two-handed,2008
thiago-monteiro/mj08,Thiago Monteiro,BRA,1994-05-31,78,183,left,two-handed,2011
renzo-olivo/o376,Renzo Olivo,ARG,1992-03-15,73,180,right,two-handed,2009
konstantin-kravchuk/k776,Konstantin Kravchuk,RUS,1985-02-23,80,191,right,two-handed,2004
nikoloz-basilashvili/bg23,Nikoloz Basilashvili,GEO,1992-02-23,79,185,right,two-handed,2008
radu-albot/a829,Radu Albot,MDA,1989-11-11,69,175,right,two-handed,2008
rogerio-dutra-silva/sc73,Rogerio Dutra Silva,BRA,1984-02-05,73,178,right,one-handed,2003
daniil-medvedev/mm58,Daniil Medvedev,RUS,1996-02-11,83,198,right,two-handed,2014
yoshihito-nishioka/n732,Yoshihito Nishioka,JPN,1995-09-27,64,170,left,two-handed,2014
andrey-rublev/re44,Andrey Rublev,RUS,1997-10-20,75,188,right,two-handed,2014
yuichi-sugita/se73,Yuichi Sugita,JPN,1988-09-18,72,175,right,two-handed,2006
denis-shapovalov/su55,Denis Shapovalov,CAN,1999-04-15,75,185,left,one-handed,2017
jared-donaldson/dc58,Jared Donaldson,USA,1996-10-09,75,188,right,two-handed,2014
thomas-fabbiano/f586,Thomas Fabbiano,ITA,1989-05-26,70,170,right,two-handed,2005
frances-tiafoe/td51,Frances Tiafoe,USA,1998-01-20,86,188,right,two-handed,2015
marton-fucsovics/f724,Marton Fucsovics,HUN,1992-02-08,82,188,right,two-handed,2010
laslo-djere/db63,Laslo Djere,SRB,1995-06-02,82,188,right,two-handed,2013
maximilian-marterer/mn13,Maximilian Marterer,GER,1995-06-15,77,188,left,two-handed,2015
stefanos-tsitsipas/te51,Stefanos Tsitsipas,GRE,1998-08-12,89,193,right,one-handed,2016
marius-copil/ca99,Marius Copil,ROU,1990-10-17,87,193,right,one-handed,2008
nicolas-kicker/kc29,Nicolas Kicker,ARG,1992-08-16,75,178,right,one-handed,2009
tennys-sandgren/sl08,Tennys Sandgren,USA,1991-07-22,88,188,right,two-handed,2011
alex-de-minaur/dh58,Alex de Minaur,AUS,1999-02-17,69,183,right,two-handed,2015
nicolas-jarry/j551,Nicolas Jarry,CHI,1995-10-11,90,198,right,two-handed,2014
matteo-berrettini/bk40,Matteo Berrettini,ITA,1996-04-12,95,196,right,two-handed,2015
roberto-carballes-baena/cf59,Roberto Carballes Baena,ESP,1993-03-23,77,183,right,two-handed,2011
mackenzie-mcdonald/mk66,Mackenzie McDonald,USA,1995-04-16,73,178,right,two-handed,2016
guido-andreozzi/a887,Guido Andreozzi,ARG,1991-08-05,78,183,right,two-handed,2010
jaume-munar/mu94,Jaume Munar,ESP,1997-05-05,76,183,right,two-handed,2014
cristian-garin/gd64,Cristian Garin,CHI,1996-05-30,85,185,right,two-handed,2011
jozef-kovalik/kc04,Jozef Kovalik,SVK,1992-11-04,82,183,right,two-handed,2010
hubert-hurkacz/hb71,Hubert Hurkacz,POL,1997-02-11,81,196,right,two-handed,2015
mirza-basic/be67,Mirza Basic,BIH,1991-07-12,88,188,right,two-handed,2012
cameron-norrie/n771,Cameron Norrie,GBR,1995-08-23,82,188,left,two-handed,2017
ilya-ivashka/i305,Ilya Ivashka,BLR,1994-02-24,84,193,right,two-handed,2013
reilly-opelka/o522,Reilly Opelka,USA,1997-08-28,102,211,right,two-handed,2015
felix-auger-aliassime/ag37,Felix Auger-Aliassime,CAN,2000-08-08,88,193,right,two-handed,2017
juan-ignacio-londero/lb84,Juan Ignacio Londero,ARG,1993-08-15,70,180,right,two-handed,2010
lorenzo-sonego/su87,Lorenzo Sonego,ITA,1995-05-11,76,191,right,two-handed,2013
casper-ruud/rh16,Casper Ruud,NOR,1998-12-22,77,183,right,two-handed,2015
alexander-bublik/bk92,Alexander Bublik,KAZ,1997-06-17,82,196,right,two-handed,2016
ugo-humbert/hh26,Ugo Humbert,FRA,1998-06-26,73,188,left,two-handed,2016
miomir-kecmanovic/ki95,Miomir Kecmanovic,SRB,1999-08-31,75,183,right,two-handed,2017
mikael-ymer/y268,Mikael Ymer,SWE,1998-09-09,75,183,right,two-handed,2015
hugo-dellien/da31,Hugo Dellien,BOL,1993-06-16,75,180,right,two-handed,2009
jannik-sinner/s0ag,Jannik Sinner,ITA,2001-08-16,76,188,right,two-handed,2018
yasutaka-uchiyama/u134,Yasutaka Uchiyama,JPN,1992-08-05,78,183,right,two-handed,2011
gregoire-barrere/bk24,Gregoire Barrere,FRA,1994-02-16,80,183,right,two-handed,2012
corentin-moutet/mw02,Corentin Moutet,FRA,1999-04-19,71,175,left,two-handed,2016
stefano-travaglia/ta12,Stefano Travaglia,ITA,1991-12-28,80,185,right,two-handed,2008
alejandro-davidovich-fokina/dh50,Alejandro Davidovich Fokina,ESP,1999-06-05,80,183,right,two-handed,2019
soonwoo-kwon/kf17,Soonwoo Kwon,KOR,1997-12-02,72,180,right,two-handed,2015
tommy-paul/pl56,Tommy Paul,USA,1997-05-17,82,185,right,two-handed,2015
dominik-koepfer/ke73,Dominik Koepfer,GER,1994-04-29,79,180,left,two-handed,2016
salvatore-caruso/ce25,Salvatore Caruso,ITA,1992-12-15,80,185,right,two-handed,2010
alexei-popyrin/p09z,Alexei Popyrin,AUS,1999-08-05,78,196,right,two-handed,2017
egor-gerasimov/gc89,Egor Gerasimov,BLR,1992-11-11,86,196,right,two-handed,2010
lloyd-harris/hg86,Lloyd Harris,RSA,1997-02-24,80,193,right,two-handed,2015
james-duckworth/d994,James Duckworth,AUS,1992-01-21,82,183,right,two-handed,2010
marcos-giron/gc88,Marcos Giron,USA,1993-07-24,77,180,right,two-handed,2014
pedro-martinez/mo44,Pedro Martinez,ESP,1997-04-26,76,185,right,two-handed,2016
emil-ruusuvuori/rh24,Emil Ruusuvuori,FIN,1999-04-02,79,188,right,two-handed,2018
norbert-gombos/gb93,Norbert Gombos,SVK,1990-08-13,85,193,right,two-handed,2009
federico-coria/ce77,Federico Coria,ARG,1992-03-09,73,180,right,two-handed,2010
attila-balazs/bd80,Attila Balazs,HUN,1988-09-27,78,180,right,two-handed,2006
dennis-novak/db59,Dennis Novak,AUT,1993-08-28,80,183,right,two-handed,2011
yannick-hanfmann/h997,Yannick Hanfmann,GER,1991-11-13,86,193,right,two-handed,2015
gianluca-mager/ml57,Gianluca Mager,ITA,1994-12-01,77,188,right,two-handed,2013
aslan-karatsev/kc56,Aslan Karatsev,RUS,1993-09-04,85,185,right,two-handed,NaN
sebastian-korda/k0ah,Sebastian Korda,USA,2000-07-05,77,196,right,two-handed,2018